人物ID,姓名,姓,名,姓読み,名読み,姓読みソート用,名読みソート用,姓ローマ字,名ローマ字,生年月日,没年月日,人物著作権フラグ
148,夏目漱石,夏目,漱石,なつめ,そうせき,なつめ,そうせき,Natsume,Soseki,1867-02-09,1916-12-09,なし
81,宮沢賢治,宮沢,賢治,みやざわ,けんじ,みやさわ,けんし,Miyazawa,Kenji,1896-08-27,1933-09-21,なし
35,太宰治,太宰,治,だざい,おさむ,たさい,おさむ,Dazai,Osamu,1909-06-19,1948-06-13,なし
119,中島敦,中島,敦,なかじま,あつし,なかしま,あつし,Nakajima,Atsushi,1909-05-05,1942-12-04,なし
96,夢野久作,夢野,久作,ゆめの,きゅうさく,ゆめの,きゆうさく,Yumeno,Kyusaku,1889-01-04,1936-03-11,なし
879,芥川竜之介,芥川,竜之介,あくたがわ,りゅうのすけ,あくたかわ,りゆうのすけ,Akutagawa,Ryunosuke,1892-03-01,1927-07-24,なし
196,鴨長明,鴨,長明,かも,ちょうめい,かも,ちようめい,Kamo,Chomei,1153,1216,なし
74,梶井基次郎,梶井,基次郎,かじい,もとじろう,かしい,もとしろう,Kajii,Motojiro,1901-02-17,1932-03-24,なし
296,福沢諭吉,福沢,諭吉,ふくざわ,ゆきち,ふくさわ,ゆきち,Fukuzawa,Yukichi,1835-01-10,1901-02-03,なし
156,小林多喜二,小林,多喜二,こばやし,たきじ,こはやし,たきし,Kobayashi,Takiji,1903-10-13,1933-02-20,なし
31,葉山嘉樹,葉山,嘉樹,はやま,よしき,はやま,よしき,Hayama,Yoshiki,1894-03-12,1945-10-18,なし
129,森鴎外,森,鴎外,もり,おうがい,もり,おうかい,Mori,Ogai,1862-02-17,1922-07-09,なし
121,新美南吉,新美,南吉,にいみ,なんきち,にいみ,なんきち,Niimi,Nankichi,1913-07-30,1943-03-22,なし
1162,秋田滋,秋田,滋,あきた,しげる,あきた,しける,Akita,Shigeru,1908-07-05,1943-10-15,なし
1168,高村光太郎,高村,光太郎,たかむら,こうたろう,たかむら,こうたろう,Takamura,Kotaro,1883-03-13,1956-04-02,なし
153,石川啄木,石川,啄木,いしかわ,たくぼく,いしかわ,たくほく,Ishikawa,Takuboku,1886-02-20,1912-04-13,なし
155,紀貫之,紀,貫之,きの,つらゆき,きの,つらゆき,Kino,Tsurayuki,870,1902-08-02,なし
1095,坂口安吾,坂口,安吾,さかぐち,あんご,さかくち,あんこ,Sakaguchi,Ango,1906-10-20,1955-02-17,なし
231,伊丹万作,伊丹,万作,いたみ,まんさく,いたみ,まんさく,Itami,Mansaku,1900-01-02,1946-09-21,なし
67,萩原朔太郎,萩原,朔太郎,はぎわら,さくたろう,はきわら,さくたろう,Hagiwara,Sakutaro,1886-11-01,1942-05-11,なし
1030,堀辰雄,堀,辰雄,ほり,たつお,ほり,たつお,Hori,Tatsuo,1904-12-28,1953-05-28,なし
26,中原中也,中原,中也,なかはら,ちゅうや,なかはら,ちゆうや,Nakahara,Chuya,1907-04-29,1937-10-22,なし
914,ディケンズチャールズ,ディケンズ,チャールズ,ディケンズ,チャールズ,ていけんす,ちやあるす,Dickens,Charles,1812-02-07,1870-06-09,なし
1128,文部省,文部省,,もんぶしょう,,もんふしよう,,Monbusho,,,,なし
1566,柳田国男,柳田,国男,やなぎた,くにお,やなきた,くにお,Yanagita,Kunio,1875-07-31,1962-08-08,なし
1235,カフカフランツ,カフカ,フランツ,カフカ,フランツ,かふか,ふらんつ,Kafka,Franz,1883-07-03,1924-06-03,なし
183,牧野信一,牧野,信一,まきの,しんいち,まきの,しんいち,Makino,Shin'ichi,1896-11-12,1936-03-24,なし
64,樋口一葉,樋口,一葉,ひぐち,いちよう,ひくち,いちよう,Higuchi,Ichiyo,1872-05-02,1896-11-23,なし
1092,グリムヴィルヘルム・カール,グリム,ヴィルヘルム・カール,グリム,ヴィルヘルム・カール,くりむ,ういるへるむかある,Grimm,Wilhelm Carl,1786-02-24,1859-12-16,なし
1091,グリムヤーコプ・ルートヴィッヒ・カール,グリム,ヤーコプ・ルートヴィッヒ・カール,グリム,ヤーコプ・ルートヴィッヒ・カール,くりむ,やあこふるうとういつひかある,Grimm,Jacob Ludwig Carl,1785-01-04,1863-09-20,なし
1124,魯迅,魯迅,,ろじん,,ろしん,,Lu Xun,,1881-09-25,1936-10-19,なし
125,小栗虫太郎,小栗,虫太郎,おぐり,むしたろう,おくり,むしたろう,Oguri,Mushitaro,1901-03-14,1946-02-10,なし
19,アンデルセンハンス・クリスチャン,アンデルセン,ハンス・クリスチャン,アンデルセン,ハンス・クリスチャン,あんてるせん,はんすくりすちやん,Andersen,Hans Christian,1805-04-02,1875-08-04,なし
94,ポーエドガー・アラン,ポー,エドガー・アラン,ポー,エドガー・アラン,ほお,えとかああらん,Poe,Edgar Allan,1809-01-19,1849-10-07,なし
912,スウィフトジョナサン,スウィフト,ジョナサン,スウィフト,ジョナサン,すういふと,しよなさん,Swift,Jonathan,1667-11-30,1745-10-19,なし
158,島崎藤村,島崎,藤村,しまざき,とうそん,しまさき,とうそん,Shimazaki,Toson,1872-03-25,1943-08-22,なし
214,田山花袋,田山,花袋,たやま,かたい,たやま,かたい,Tayama,Katai,1872-01-22,1930-05-13,なし
9,ドイルアーサー・コナン,ドイル,アーサー・コナン,ドイル,アーサー・コナン,といる,ああさあこなん,Doyle,Arthur Conan,1859-05-22,1930-07-07,なし
1779,江戸川乱歩,江戸川,乱歩,えどがわ,らんぽ,えとかわ,らんほ,Edogawa,Ranpo,1894-10-21,1965-07-28,なし
888,スティーブンソンロバート・ルイス,スティーブンソン,ロバート・ルイス,スティーブンソン,ロバート・ルイス,すていいふんそん,ろはあとるいす,Stevenson,Robert Louis,1850-11-13,1894-12-03,なし
58,伊藤左千夫,伊藤,左千夫,いとう,さちお,いとう,さちお,Ito,Sachio,1864-09-18,1913-07-30,なし
329,楠山正雄,楠山,正雄,くすやま,まさお,くすやま,まさお,Kusuyama,Masao,1884-11-04,1950-11-26,なし
91,尾崎紅葉,尾崎,紅葉,おざき,こうよう,おさき,こうよう,Ozaki,Koyo,1868-01-10,1903-10-30,なし
363,ドストエフスキーフィヨードル・ミハイロヴィチ,ドストエフスキー,フィヨードル・ミハイロヴィチ,ドストエフスキー,フィヨードル・ミハイロヴィチ,とすとえふすきい,ふいよおとるみはいろういち,Dostoevskii,Fedor Mikhailovich,1821-11-11,1881-02-09,なし
25,有島武郎,有島,武郎,ありしま,たけお,ありしま,たけお,Arishima,Takeo,1878-03-04,1923-06-09,なし
908,坂本竜馬,坂本,竜馬,さかもと,りょうま,さかもと,りようま,Sakamoto,Ryoma,1836-01-03,1867-12-10,なし
1518,太安万侶,太,安万侶,おおの,やすまろ,おおの,やすまろ,oono,yasumaro,,0723-08-15,なし
1519,稗田阿礼,稗田,阿礼,ひえだの,あれ,ひえたの,あれ,hieda,are,,,なし
42,寺田寅彦,寺田,寅彦,てらだ,とらひこ,てらた,とらひこ,Terada,Torahiko,1878-11-28,1935-12-31,なし
52,紫式部,紫式部,,むらさき しきぶ,,むらさきしきふ,,Murasaki Shikibu,,,,なし
50,泉鏡花,泉,鏡花,いずみ,きょうか,いすみ,きようか,Izumi,Kyoka,1873-11-04,1939-09-07,なし
65,九鬼周造,九鬼,周造,くき,しゅうぞう,くき,しゆうそう,Kuki,Shuzo,1888-02-15,1941-05-06,なし
107,鈴木三重吉,鈴木,三重吉,すずき,みえきち,すすき,みえきち,Suzuki,Miekichi,1882-09-29,1936-06-27,なし
195,尾崎放哉,尾崎,放哉,おざき,ほうさい,おさき,ほうさい,Ozaki,Hosai,1885-01-20,1926-04-07,なし
38,国木田独歩,国木田,独歩,くにきだ,どっぽ,くにきた,とつほ,Kunikida,Doppo,1871-08-30,1908-06-23,なし
218,三木清,三木,清,みき,きよし,みき,きよし,Miki,Kiyoshi,1897-01-05,1945-09-26,なし
6,二葉亭四迷,二葉亭,四迷,ふたばてい,しめい,ふたはてい,しめい,Futabatei,Shimei,1864-04-04,1909-05-10,なし
83,菊池寛,菊池,寛,きくち,かん,きくち,かん,Kikuchi,Kan,1888-12-26,1948-03-06,なし
230,石原莞爾,石原,莞爾,いしわら,かんじ,いしわら,かんし,Ishiwara,Kanji,1889-01-18,1949-08-15,なし
361,トルストイレオ,トルストイ,レオ,トルストイ,レオ,とるすとい,れお,Tolstoi,Lev,1828,1910,なし
1383,谷崎潤一郎,谷崎,潤一郎,たにざき,じゅんいちろう,たにさき,しゆんいちろう,Tanizaki,Jun'ichiro,1886-07-24,1965-07-30,なし
20,渡辺温,渡辺,温,わたなべ,おん,わたなへ,おん,Watanabe,On,1902-08-26,1930-02-10,なし
1090,オルコットルイーザ・メイ,オルコット,ルイーザ・メイ,オルコット,ルイーザ・メイ,おるこつと,るいさめい,Alcott,Louisa May,1832-11-29,1888-03-06,なし
1475,小川未明,小川,未明,おがわ,みめい,おかわ,みめい,Ogawa,Mimei,1882-04-07,1961-05-11,なし
258,小泉八雲,小泉,八雲,こいずみ,やくも,こいすみ,やくも,Koizumi,Yakumo,1850-06-27,1904-09-26,なし
1347,岡倉覚三,岡倉,覚三,おかくら,かくぞう,おかくら,かくそう,Okakura,Kakuzo,1863-02-14,1913-09-02,なし
238,岡倉天心,岡倉,天心,おかくら,てんしん,おかくら,てんしん,Okakura,Tenshin,1863-02-14,1913-09-02,なし
179,黒岩涙香,黒岩,涙香,くろいわ,るいこう,くろいわ,るいこう,Kuroiwa,Ruiko,1862-11-20,1920-10-06,なし
961,ダンテアリギエリ,ダンテ,アリギエリ,ダンテ,アリギエリ,たんて,ありきえり,Dante,Alighieri,1265,1321,なし
1234,愛知敬一,愛知,敬一,あいち,けいいち,あいち,けいいち,Aichi,Keiichi,1880-07-25,1923-06-23,なし
1097,下村湖人,下村,湖人,しもむら,こじん,しもむら,こしん,Shimomura,Kojin,1884-10-03,1955-04-20,なし
51,幸田露伴,幸田,露伴,こうだ,ろはん,こうた,ろはん,Koda,Rohan,1867-08-20,1947-07-30,なし
924,永井隆,永井,隆,ながい,たかし,なかい,たかし,Nagai,Takashi,1908-02-03,1951-05-01,なし
235,上田敏,上田,敏,うえだ,びん,うえた,ひん,Ueda,Bin,1874-10-30,1916-07-09,なし
1176,シェリーメアリー・ウォルストンクラフト,シェリー,メアリー・ウォルストンクラフト,シェリー,メアリー・ウォルストンクラフト,しえりい,めありいうおるすとんくらふと,Shelley,Mary Wollstonecraft,1797-08-30,1851-02-01,なし
168,横光利一,横光,利一,よこみつ,りいち,よこみつ,りいち,Yokomitsu,Riichi,1898-03-17,1947-12-30,なし
160,海野十三,海野,十三,うんの,じゅうざ,うんの,しゆうさ,Unno,Juza,1897-12-26,1949-05-17,なし
280,徳冨蘆花,徳冨,蘆花,とくとみ,ろか,とくとみ,ろか,Tokutomi,Roka,1868-12-08,1927-09-18,なし
1121,ルブランモーリス,ルブラン,モーリス,ルブラン,モーリス,るふらん,もおりす,Leblanc,Maurice,1864-11-11,1941-11-06,なし
1094,ユゴーヴィクトル,ユゴー,ヴィクトル,ユゴー,ヴィクトル,ゆこお,ういくとる,Hugo,Victor,1802-02-26,1885-05-22,なし
269,高神覚昇,高神,覚昇,たかがみ,かくしょう,たかかみ,かくしよう,Takagami,Kakusho,1894,1948,なし
13,八木重吉,八木,重吉,やぎ,じゅうきち,やき,しゆうきち,Yagi,Jukichi,1898-02-09,1927-10-26,なし
264,シェークスピアウィリアム,シェークスピア,ウィリアム,シェークスピア,ウィリアム,しええくすひあ,ういりあむ,Shakespeare,William,1546,1616,なし
1529,作者不詳,作者不詳,,さくしゃふしょう,,さくしやふしよう,,Sakushafusho,,,,なし
575,佐藤紅緑,佐藤,紅緑,さとう,こうろく,さとう,こうろく,Sato,Koroku,1874-07-06,1949-06-03,なし
933,折口信夫,折口,信夫,おりくち,しのぶ,おりくち,しのふ,Orikuchi,Shinobu,1887-02-11,1953-09-03,なし
140,テニソンアルフレッド,テニソン,アルフレッド,テニソン,アルフレッド,てにそん,あるふれつと,Tennyson,Alfred,1809-08-06,1892-10-06,なし
1048,アミーチスエドモンド・デ,アミーチス,エドモンド・デ,アミーチス,エドモンド・デ,あみいちす,えともんとて,Amicis,Edmondo De,1846-10-31,1908-03-11,なし
40,織田作之助,織田,作之助,おだ,さくのすけ,おた,さくのすけ,Oda,Sakunosuke,1913-10-26,1947-01-10,なし
76,岡本かの子,岡本,かの子,おかもと,かのこ,おかもと,かのこ,Okamoto,Kanoko,1889-03-01,1939-02-18,なし
245,加藤文太郎,加藤,文太郎,かとう,ぶんたろう,かとう,ふんたろう,Kato,Buntaro,1905-03-11,1936-01-05,なし
1120,須川邦彦,須川,邦彦,すがわ,くにひこ,すかわ,くにひこ,Sugawa,Kunihiko,1880,1949,なし
1562,吉川英治,吉川,英治,よしかわ,えいじ,よしかわ,えいし,Yoshikawa,Eiji,1892-08-11,1962-09-07,なし
288,ハイヤームオマル,ハイヤーム,オマル,ハイヤーム,オマル,はいやあむ,おまる,Khayyam,Umar,1048,1131,なし
1045,バーネットフランシス・ホジソン・エリザ,バーネット,フランシス・ホジソン・エリザ,バーネット,フランシス・ホジソン・エリザ,はあねつと,ふらんしすほしそんえりさ,Burnett,Frances Eliza Hodgson,1849-11-24,1924-10-29,なし
182,西田幾多郎,西田,幾多郎,にしだ,きたろう,にした,きたろう,Nishida,Kitaro,1870-06-17,1945-06-07,なし
291,林芙美子,林,芙美子,はやし,ふみこ,はやし,ふみこ,Hayashi,Fumiko,1903-12-31,1951-06-28,なし
305,正岡子規,正岡,子規,まさおか,しき,まさおか,しき,Masaoka,Shiki,1867-10-14,1902-09-19,なし
106,北原白秋,北原,白秋,きたはら,はくしゅう,きたはら,はくしゆう,Kitahara,Hakushu,1885-01-25,1942-11-02,なし
5,ツルゲーネフイワン,ツルゲーネフ,イワン,ツルゲーネフ,イワン,つるけえねふ,いわん,Turgenev,Ivan,1818-11-09,1883-09-03,なし
885,与謝野晶子,与謝野,晶子,よさの,あきこ,よさの,あきこ,Yosano,Akiko,1878-12-07,1942-05-29,なし
283,中里介山,中里,介山,なかざと,かいざん,なかさと,かいさん,Nakazato,Kaizan,1885-04-04,1944-04-28,なし
1296,ランボージャン・ニコラ・アルチュール,ランボー,ジャン・ニコラ・アルチュール,ランボー,ジャン・ニコラ・アルチュール,らんほお,しやんにこらあるちゆうる,Rimbaud,Jean Nicolas Arthur,1854-10-20,1891-11-10,なし
1266,牧野富太郎,牧野,富太郎,まきの,とみたろう,まきの,とみたろう,Makino,Tomitaro,1862-05-22,1957-01-18,なし
1134,ペローシャルル,ペロー,シャルル,ペロー,シャルル,へろお,しやるる,Perrault,Charles,1628-01-12,1703-05-16,なし
1059,斎藤茂吉,斎藤,茂吉,さいとう,もきち,さいとう,もきち,Saito,Mokichi,1882-5-14,1953-2-25,なし
250,河上肇,河上,肇,かわかみ,はじめ,かわかみ,はしめ,Kawakami,Hajime,1879-10-20,1946-01-30,なし
1053,峠三吉,峠,三吉,とうげ,さんきち,とうけ,さんきち,Toge,Sankichi,1917-02-19,1953-03-10,なし
1404,河口慧海,河口,慧海,かわぐち,えかい,かわくち,えかい,Kwaguchi,Ekai,1866-02-26,1945-02-24,なし
118,長塚節,長塚,節,ながつか,たかし,なかつか,たかし,Nagatsuka,Takashi,1879-04-03,1915-02-08,なし
1072,和田万吉,和田,万吉,わだ,まんきち,わた,まんきち,Wada,Mankichi,1865-10-07,1934-11-21,なし
1395,和辻哲郎,和辻,哲郎,わつじ,てつろう,わつし,てつろう,Watsuji,Tetsuro,1889-03-01,1960-12-26,なし
1044,ド・ラ・ラメーマリー・ルイーズ,ド・ラ・ラメー,マリー・ルイーズ,ド・ラ・ラメー,マリー・ルイーズ,とららめえ,まりいるいす,de la Ramee,Marie Louise,1839-01-01,1908-01-25,なし
126,田中英光,田中,英光,たなか,ひでみつ,たなか,ひてみつ,Tanaka,Hidemitsu,1913-01-10,1949-11-03,なし
14,村山槐多,村山,槐多,むらやま,かいた,むらやま,かいた,Murayama,Kaita,1896-09-15,1919-02-20,なし
256,倉田百三,倉田,百三,くらた,ひゃくぞう,くらた,ひやくそう,Kurata,Hyakuzo,1891-02-23,1943-02-12,なし
1341,永井荷風,永井,荷風,ながい,かふう,なかい,かふう,Nagai,Kafu,1879-12-03,1959-04-30,なし
293,原民喜,原,民喜,はら,たみき,はら,たみき,Hara,Tamiki,1905-11-15,1951-03-13,なし
372,桑原隲蔵,桑原,隲蔵,くわばら,じつぞう,くわはら,しつそう,Kuwabara,Jitsuzo,1871-01-27,1931-05-24,なし
34,内村鑑三,内村,鑑三,うちむら,かんぞう,うちむら,かんそう,Uchimura,Kanzo,1861-03-26,1930-03-28,なし
1028,イプセンヘンリック,イプセン,ヘンリック,イプセン,ヘンリック,いふせん,へんりつく,Ibsen,Henrik,1828-03-20,1906-05-23,なし
311,宮本百合子,宮本,百合子,みやもと,ゆりこ,みやもと,ゆりこ,Miyamoto,Yuriko,1899-02-13,1951-01-21,なし
82,岡本綺堂,岡本,綺堂,おかもと,きどう,おかもと,きとう,Okamoto,Kido,1872-11-15,1939-03-01,なし
1245,会津八一,会津,八一,あいづ,やいち,あいつ,やいち,Aizu,Yaichi,1881-08-01,1956-11-21,なし
1029,デカルトルネ,デカルト,ルネ,デカルト,ルネ,てかると,るね,Descartes,Rene,1596,1650,なし
1025,ゲーテヨハン・ヴォルフガング・フォン,ゲーテ,ヨハン・ヴォルフガング・フォン,ゲーテ,ヨハン・ヴォルフガング・フォン,けえて,よはんうおるふかんくふおん,Goethe,Johann Wolfgang von,1749-08-28,1832-03-22,なし
1403,北大路魯山人,北大路,魯山人,きたおおじ,ろさんじん,きたおおし,ろさんしん,Kitaoji,Rosanjin,1883-03-23,1959-12-21,なし
93,南方熊楠,南方,熊楠,みなかた,くまぐす,みなかた,くまくす,Minakata,Kumagusu,1867-05-18,1941-12-29,なし
1034,浅野和三郎,浅野,和三郎,あさの,わさぶろう,あさの,わさふろう,Asano,Wasaburo,1874-08,1937-02-03,なし
1465,東健而,東,健而,あずま,けんじ,あすま,けんし,Azuma,Kenji,1889,1933,なし
146,種田山頭火,種田,山頭火,たねだ,さんとうか,たねた,さんとうか,Taneda,Santoka,1882-12-03,1940-10-11,なし
1839,荒木光二郎,荒木,光二郎,あらき,こうじろう,あらき,こうしろう,Araki,Kojiro,,,あり
1264,榎本武揚,榎本,武揚,えのもと,たけあき,えのもと,たけあき,Enomoto,Takeaki,1836-10-05,1908-10-26,なし
354,勝海舟,勝,海舟,かつ,かいしゅう,かつ,かいしゆう,Katsu,Kaishu,1823-03-12,1899-01-19,なし
535,桐生悠々,桐生,悠々,きりゅう,ゆうゆう,きりゆう,ゆうゆう,Kiryu,Yuyu,1873-05-20,1941-09-10,なし
1257,アーヴィングワシントン,アーヴィング,ワシントン,アーヴィング,ワシントン,ああういんく,わしんとん,Irving,Washington,1783-04-03,1859-11-28,なし
718,新渡戸稲造,新渡戸,稲造,にとべ,いなぞう,にとへ,いなそう,Nitobe,Inazo,1862-09-01,1933-10-16,なし
903,モーパッサンギ・ド,モーパッサン,ギ・ド,モーパッサン,ギ・ド,もおはつさん,きと,Maupassant,Guy De,1850-08-05,1893-07-06,なし
226,アレニウススヴァンテ,アレニウス,スヴァンテ,アレニウス,スヴァンテ,あれにうす,すうあんて,Arrhenius,Svante,1859-02-19,1927-10-02,なし
969,杉山萠円,杉山,萠円,すぎやま,ほうえん,すきやま,ほうえん,Sugiyama,Hoen,1889-01-04,1936-03-11,なし
124,小熊秀雄,小熊,秀雄,おぐま,ひでお,おくま,ひてお,Oguma,Hideo,1901-09-09,1940-11-20,なし
1155,チェーホフアントン,チェーホフ,アントン,チェーホフ,アントン,ちええほふ,あんとん,Chekhov,Anton,1860-01-17,1904-07-02,なし
1843,アレンリリー・Ｌ,アレン,リリー・Ｌ,アレン,リリー・エル,あれん,りりいえる,Allen,Lily L.,1867-12-30,1952-02-14,なし
216,直木三十五,直木,三十五,なおき,さんじゅうご,なおき,さんしゆうこ,Naoki,Sanjugo,1891-02-12,1934-02-24,なし
154,田中貢太郎,田中,貢太郎,たなか,こうたろう,たなか,こうたろう,Tanaka,Kotaro,1880-03-02,1941-02-01,なし
279,徳冨健次郎,徳冨,健次郎,とくとみ,けんじろう,とくとみ,けんしろう,Tokutomi,Kenjiro,1868-12-08,1927-09-18,なし
997,北条民雄,北条,民雄,ほうじょう,たみお,ほうしよう,たみお,Hojo,Tamio,1914-09-22,1937-12-05,なし
1216,井原西鶴,井原,西鶴,いはら,さいかく,いはら,さいかく,Ihara,Saikaku,1642,1693-09-09,なし
286,野口雨情,野口,雨情,のぐち,うじょう,のくち,うしよう,Noguchi,Ujo,1882-05-29,1945-01-27,なし
1579,室生犀星,室生,犀星,むろう,さいせい,むろう,さいせい,Murou,Saisei,1889-08-01,1962-03-26,なし
1093,ロランロマン,ロラン,ロマン,ロラン,ロマン,ろらん,ろまん,Rolland,Romain,1866-01-29,1944-12-30,なし
1189,ジェファーソントマス,ジェファーソン,トマス,ジェファーソン,トマス,しえふああそん,とます,Jefferson,Thomas,1743-04-13,1826-07-04,なし
1430,ウェルズハーバート・ジョージ,ウェルズ,ハーバート・ジョージ,ウェルズ,ハーバート・ジョージ,うえるす,はあはあとしよおし,Wells,Herbert George,1866-09-21,1946-08-13,なし
1320,西郷隆盛,西郷,隆盛,さいごう,たかもり,さいこう,たかもり,Saigo,Takamori,1828-01-23,1877-09-24,なし
57,福田英子,福田,英子,ふくだ,ひでこ,ふくた,ひてこ,Fukuda,Hideko,1865-11-22,1927-05-02,なし
1085,イエイツウィリアム・バトラー,イエイツ,ウィリアム・バトラー,イエイツ,ウィリアム・バトラー,いえいつ,ういりあむはとらあ,Yeats,William Butler,1865-06-13,1939-01-28,なし
1380,石川欣一,石川,欣一,いしかわ,きんいち,いしかわ,きんいち,Ishikawa,Kinichi,1895-03-17,1959-08-04,なし
207,ゴーゴリニコライ,ゴーゴリ,ニコライ,ゴーゴリ,ニコライ,こおこり,にこらい,Gogol,Nikolai,1809-03-12,1852-02-21,なし
1528,日本国,日本国,,にほんこく,,にほんこく,,Nihonkoku,,,,なし
1224,久生十蘭,久生,十蘭,ひさお,じゅうらん,ひさお,しゆうらん,Hisao,Juran,1902-04-06,1957-10-06,なし
906,豊島与志雄,豊島,与志雄,とよしま,よしお,とよしま,よしお,Toyoshima,Yoshio,1890-11-27,1955-06-18,なし
968,かぐつちみどり,かぐつち,みどり,かぐつち,みどり,かくつち,みとり,Kagutsuchi,Midori,1889-01-04,1936-03-11,なし
1351,池田蕉園,池田,蕉園,いけだ,しょうえん,いけた,しようえん,Ikeda,Shoen,1886-05-13,1917-12-01,なし
351,増田雅子,増田,雅子,ますだ,まさこ,ますた,まさこ,Masuda,Masako,1880-05-06,1946-09-02,なし
318,山川登美子,山川,登美子,やまかわ,とみこ,やまかわ,とみこ,Yamakawa,Tomiko,1879-07-19,1909-04-15,なし
1099,ホーマー,ホーマー,,ホーマー,,ほおまあ,,Homer,,,,なし
1160,池田菊苗,池田,菊苗,いけだ,きくなえ,いけた,きくなえ,Ikeda,Kikunae,1864,1936-05-03,なし
1159,佐野昌一,佐野,昌一,さの,しょういち,さの,しよういち,Sano,Shoichi,1897-12-26,1949-05-17,なし
1421,阿部次郎,阿部,次郎,あべ,じろう,あへ,しろう,Abe,Jiro,1883-08-27,1959-10-20,なし
11,立原道造,立原,道造,たちはら,みちぞう,たちはら,みちそう,Tachihara,Michizo,1914-07-30,1939-03-29,なし
1869,山本周五郎,山本,周五郎,やまもと,しゅうごろう,やまもと,しゆうころう,Yamamoto,Shugoro,1903-06-22,1967-02-14,なし
827,森本薫,森本,薫,もりもと,かおる,もりもと,かおる,Morimoto,Kaoru,1912-06-04,1946-10-06,なし
966,海若藍平,海若,藍平,かいじゃく,らんぺい,かいしやく,らんへい,Kaijaku,Ranpei,1889-01-04,1936-03-11,なし
1119,岩波茂雄,岩波,茂雄,いわなみ,しげお,いわなみ,しけお,Iwanami,Shigeo,1881-08-27,1946-04-25,なし
1569,中谷宇吉郎,中谷,宇吉郎,なかや,うきちろう,なかや,うきちろう,Nakaya,Ukichiro,1900-07-04,1962-04-11,なし
1049,ファーブルジャン・アンリ,ファーブル,ジャン・アンリ,ファーブル,ジャン・アンリ,ふああふる,しやんあんり,Fabre,Jean Henri,1823-12-23,1915-10-11,なし
281,戸坂潤,戸坂,潤,とさか,じゅん,とさか,しゆん,Tosaka,Jun,1900-09-27,1945-08-09,なし
1734,石波杏,石波,杏,いしなみ,きょう,いしなみ,きよう,Ishinami,Kyo,1982,,あり
157,北村透谷,北村,透谷,きたむら,とうこく,きたむら,とうこく,Kitamura,Tokoku,1868-12-29,1894-05-16,なし
989,三遊亭円朝,三遊亭,円朝,さんゆうてい,えんちょう,さんゆうてい,えんちよう,San'yutei,Encho,1839-05-13,1900-08-11,なし
1477,陳寿,陳,寿,ちん,じゅ,ちん,しゆ,Chen,Shou,233,297,なし
1429,石原純,石原,純,いしわら,あつし,いしわら,あつし,Ishiwara,Atsushi,1881-1-15,1947-1-19,なし
726,長谷川時雨,長谷川,時雨,はせがわ,しぐれ,はせかわ,しくれ,Hasegawa,Shigure,1879-10-01,1941-08-22,なし
1011,波多野精一,波多野,精一,はたの,せいいち,はたの,せいいち,Hatano,Seiichi,1877-07-21,1950-01-17,なし
886,泉鏡太郎,泉,鏡太郎,いずみ,きょうたろう,いすみ,きようたろう,Izumi,Kyotaro,1873-11-04,1939-09-07,なし
981,巌谷小波,巌谷,小波,いわや,さざなみ,いわや,ささなみ,Iwaya,Sazanami,1870-07-04,1933-09-05,なし
136,山村暮鳥,山村,暮鳥,やまむら,ぼちょう,やまむら,ほちよう,Yamamura,Bocho,1884-01-10,1924-12-08,なし
261,幸徳秋水,幸徳,秋水,こうとく,しゅうすい,こうとく,しゆうすい,Kotoku,Shusui,1871-11-05,1911-01-24,なし
284,内藤湖南,内藤,湖南,ないとう,こなん,ないとう,こなん,Naito,Konan,1866-08-26,1934-06-26,なし
1875,壺井栄,壺井,栄,つぼい,さかえ,つほい,さかえ,Tsuboi,Sakae,1899-08-05,1967-06-23,なし
649,田中正造,田中,正造,たなか,しょうぞう,たなか,しようそう,Tanaka,Shozo,1841-12-15,1913-09-04,なし
355,上村松園,上村,松園,うえむら,しょうえん,うえむら,しようえん,Uemura,Shoen,1875-04-23,1949-08-27,なし
1277,ガンジーマハトマ,ガンジー,マハトマ,ガンジー,マハトマ,かんしい,まはとま,Gandhi,Mahatma,1869-10-02,1948-01-30,なし
1311,三好十郎,三好,十郎,みよし,じゅうろう,みよし,しゆうろう,Miyoshi,Juro,1902-04-21,1958-12-16,なし
259,小出楢重,小出,楢重,こいで,ならしげ,こいて,ならしけ,Koide,Narashige,1887-10-13,1931-02-13,なし
190,大手拓次,大手,拓次,おおて,たくじ,おおて,たくし,Ote,Takuji,1887-12-03,1934-04-18,なし
506,河合栄治郎,河合,栄治郎,かわい,えいじろう,かわい,えいしろう,Kawai,Eijiro,1891-02-13,1944-02-15,なし
1749,三好達治,三好,達治,みよし,たつじ,みよし,たつし,Miyoshi,Tatsuji,1900-08-23,1964-04-05,なし
1047,マロエクトール・アンリ,マロ,エクトール・アンリ,マロ,エクトール・アンリ,まろ,えくとおるあんり,Malot,Hector Henri,1830-05-20,1907-07-17,なし
1021,井上円了,井上,円了,いのうえ,えんりょう,いのうえ,えんりよう,Inoue,Enryo,1858-03-18,1919-06-06,なし
595,島田清次郎,島田,清次郎,しまだ,せいじろう,しまた,せいしろう,Shimada,Seijiro,1899-02-26,1930-04-29,なし
1052,久坂葉子,久坂,葉子,くさか,ようこ,くさか,ようこ,Kusaka,Yoko,1931-03-27,1952-12-31,なし
1541,高山毅,高山,毅,たかやま,つよし,たかやま,つよし,Takayama,Tsuyoshi,1911-08-01,1961-10-28,なし
1558,古川緑波,古川,緑波,ふるかわ,ろっぱ,ふるかわ,ろつは,Furukawa,Roppa,1903-08-13,1961-01-16,なし
23,徳田秋声,徳田,秋声,とくだ,しゅうせい,とくた,しゆうせい,Tokuda,Shusei,1872-02-01,1943-11-18,なし
1312,木村荘八,木村,荘八,きむら,しょうはち,きむら,しようはち,Kimura,Shohachi,1893-08-21,1958-11-18,なし
77,押川春浪,押川,春浪,おしかわ,しゅんろう,おしかわ,しゆんろう,Oshikawa,Shunro,1876-03-21,1914-11-16,なし
1416,田山録弥,田山,録弥,たやま,ろくや,たやま,ろくや,Tayama,Rokuya,1872-01-22,1930-05-13,なし
1398,高木貞治,高木,貞治,たかぎ,ていじ,たかき,ていし,Takagi,Teiji,1875-04-21,1960-02-28,なし
1088,プーシキンアレクサンドル・セルゲーヴィチ,プーシキン,アレクサンドル・セルゲーヴィチ,プーシキン,アレクサンドル・セルゲーヴィチ,ふうしきん,あれくさんとるせるけえういち,Pushkin,Aleksandr Sergeevich,1799-05-26,1837-01-17,なし
61,橋本進吉,橋本,進吉,はしもと,しんきち,はしもと,しんきち,Hashimoto,Shinkichi,1882-12-24,1945-01-30,なし
1536,桂三木助,桂,三木助,かつら,みきすけ,かつら,みきすけ,Katsura,Mikisuke,1902-03-28,1961-01-16,なし
169,大杉栄,大杉,栄,おおすぎ,さかえ,おおすき,さかえ,Osugi,Sakae,1885-01-17,1923-09-16,なし
1570,小倉金之助,小倉,金之助,おぐら,きんのすけ,おくら,きんのすけ,ogura,kinnosuke,1885-03-14,1962-10-21,なし
967,香倶土三鳥,香倶土,三鳥,かぐつち,みどり,かくつち,みとり,Kagutsuchi,Midori,1889-01-04,1936-03-11,なし
984,葛西善蔵,葛西,善蔵,かさい,ぜんぞう,かさい,せんそう,Kasai,Zenzo,1887-01-16,1928-07-23,なし
8,島木健作,島木,健作,しまき,けんさく,しまき,けんさく,Shimaki,Kensaku,1903-09-07,1945-08-17,なし
89,北一輝,北,一輝,きた,いっき,きた,いつき,Kita,Ikki,1883-04-03,1937-08-19,なし
271,高山樗牛,高山,樗牛,たかやま,ちょぎゅう,たかやま,ちよきゆう,Takayama,Chogyu,1871-02-28,1902-12-24,なし
1293,小野佐世男,小野,佐世男,おの,させお,おの,させお,Ono,Saseo,1905-02-06,1954-02-01,なし
227,生田春月,生田,春月,いくた,しゅんげつ,いくた,しゆんけつ,Ikuta,Shungetsu,1892-03-12,1930-05-19,なし
1520,柳宗悦,柳,宗悦,やなぎ,むねよし,やなき,むねよし,Yanagi,Muneyoshi,1889-03-21,1961-05-03,なし
224,小泉節子,小泉,節子,こいずみ,せつこ,こいすみ,せつこ,Koizumi,Setsuko,1868-02-04,1932-02-18,なし
301,穂積陳重,穂積,陳重,ほづみ,のぶしげ,ほつみ,のふしけ,Hozumi,Nobushige,1855-08-23,1926-04-07,なし
1156,ルナールジュール,ルナール,ジュール,ルナール,ジュール,るなある,しゆうる,Renard,Jules,1864-02-22,1910-05-22,なし
922,末弘厳太郎,末弘,厳太郎,すえひろ,いずたろう,すえひろ,いすたろう,Suehiro,Izutaro,1888-11-30,1951-09-11,なし
1364,ニューコムシモン,ニューコム,シモン,ニューコム,シモン,にゆうこむ,しもん,Newcomb,Simon,1835,1909,なし
1242,坪井正五郎,坪井,正五郎,つぼい,しょうごろう,つほい,しようころう,Tsuboi,Shogoro,1863-02-22,1913-05-26,なし
1065,高田力,高田,力,たかた,つとむ,たかた,つとむ,Takata,Tsutomu,,1950,なし
1081,土井晩翠,土井,晩翠,どい,ばんすい,とい,はんすい,Doi,Bansui,1871-12-05,1952-10-19,なし
1584,秋田雨雀,秋田,雨雀,あきた,うじゃく,あきた,うしやく,Akita,Ujyaku,1883-01-30,1962-05-12,なし
1217,ヴァレリーポール,ヴァレリー,ポール,ヴァレリー,ポール,うあれりい,ほおる,Valery,Paul,1871-10-30,1945-07-20,なし
564,斎藤秀三郎,斎藤,秀三郎,さいとう,ひでさぶろう,さいとう,ひてさふろう,Saito,Hidesaburo,1866-02-16,1929-11-09,なし
416,伊藤野枝,伊藤,野枝,いとう,のえ,いとう,のえ,Ito,Noe,1895-01-21,1923-09-16,なし
1581,正宗白鳥,正宗,白鳥,まさむね,はくちょう,まさむね,はくちよう,Masamune,Hakucho,1879-03-03,1962-10-28,なし
1695,飯田蛇笏,飯田,蛇笏,いいだ,だこつ,いいた,たこつ,Iida,Dakotsu,1885-04-26,1962-10-03,なし
1305,羽志主水,羽志,主水,はし,もんど,はし,もんと,hashi,mondo,1884-06-03,1957-02-26,なし
63,宮武外骨,宮武,外骨,みやたけ,がいこつ,みやたけ,かいこつ,Miyatake,Gaikotsu,1867-02-22,1955-07-28,なし
270,高村光雲,高村,光雲,たかむら,こううん,たかむら,こううん,Takamura,Koun,1852-03-08,1934-10-10,なし
748,平田晋策,平田,晋策,ひらた,しんさく,ひらた,しんさく,Hirata,Shinsaku,1904-03-06,1936-01-28,なし
1310,高浜虚子,高浜,虚子,たかはま,きょし,たかはま,きよし,Takahama,Kyoshi,1874-02-22,1959-04-08,なし
1331,秋月種樹,秋月,種樹,あきづき,たねたつ,あきつき,たねたつ,Akizuki,Tanetatsu,1833-11-28,1904-10-17,なし
1332,佐藤一斎,佐藤,一斎,さとう,いっさい,さとう,いつさい,Sato,Issai,1772-11-14,1859-10-19,なし
1166,中井正一,中井,正一,なかい,まさかず,なかい,まさかす,Nakai,Masakazu,1900-02-14,1952-05-18,なし
1568,妹尾アキ夫,妹尾,アキ夫,せのお,あきお,せのお,あきお,Senoo,Akio,1892-03-04,1962-04-19,なし
1313,正岡容,正岡,容,まさおか,いるる,まさおか,いるる,Masaoka,Iruru,1904-12-20,1958-12-07,なし
1344,喜田貞吉,喜田,貞吉,きた,さだきち,きた,さたきち,Kita,Sadakichi,1871-07-11,1939-07-03,なし
1648,土谷麓,土谷,麓,つちや,ふもと,つちや,ふもと,Tsuchiya,Fumoto,1914-03-30,1962-09-03,なし
340,ガールシンフセヴォロド・ミハイロヴィチ,ガールシン,フセヴォロド・ミハイロヴィチ,ガールシン,フセヴォロド・ミハイロヴィチ,かあるしん,ふせうおろとみはいろういち,Garshin,Vsevolod Mikhailvich,1855-02-14,1888-04-05,なし
368,添田唖蝉坊,添田,唖蝉坊,そえだ,あぜんぼう,そえた,あせんほう,Soeda,Azenbo,1872-12-25,1944-02-08,なし
1733,フリーマンリチャード オースティン,フリーマン,リチャード オースティン,フリーマン,リチャード オースティン,ふりいまん,りちやあとおおすていん,Freeman,Richard Austin,1862-04-11,1943-09-28,なし
1420,中山太郎,中山,太郎,なかやま,たろう,なかやま,たろう,Nakayama,Taro,1876-11-13,1947-06-13,なし
1668,西東三鬼,西東,三鬼,さいとう,さんき,さいとう,さんき,Saito,Sanki,1900-05-15,1962-04-01,なし
1125,井上紅梅,井上,紅梅,いのうえ,こうばい,いのうえ,こうはい,Inoue,Kobai,1881,1950,なし
1263,服部之総,服部,之総,はっとり,しそう,はつとり,しそう,Hattori,Shiso,1901-09-24,1956-03-04,なし
2034,井上基志,井上,基志,いのうえ,もとし,いのうえ,もとし,Inoue,Motoshi,,,あり
843,山田美妙,山田,美妙,やまだ,びみょう,やまた,ひみよう,Yamada,Bimyo,1868-08-25,1910-10-24,なし
255,国枝史郎,国枝,史郎,くにえだ,しろう,くにえた,しろう,Kunieda,Shiro,1887-10-10,1943-04-08,なし
150,薄田泣菫,薄田,泣菫,すすきだ,きゅうきん,すすきた,きゆうきん,Susukida,Kyukin,1877-05-19,1945-10-09,なし
1248,佐藤垢石,佐藤,垢石,さとう,こうせき,さとう,こうせき,Sato,Koseki,1888-06-18,1956-07-04,なし
1068,釈迢空,釈,迢空,しゃく,ちょうくう,しやく,ちようくう,Shaku,Choku,1887-02-11,1953-09-03,なし
1499,外村繁,外村,繁,とのむら,しげる,とのむら,しける,Tonomura,Shigeru,1902-12-23,1961-07-28,なし
905,ホーソーンナサニエル,ホーソーン,ナサニエル,ホーソーン,ナサニエル,ほおそおん,なさにえる,Hawthorne,Nathaniel,1804-07-04,1864-05-19,なし
1488,火野葦平,火野,葦平,ひの,あしへい,ひの,あしへい,Hino,Ashihei,1907-01-25,1960-01-24,なし
310,三上於菟吉,三上,於菟吉,みかみ,おときち,みかみ,おときち,Mikami,Otokichi,1891-02-04,1944-02-07,なし
1349,武田祐吉,武田,祐吉,たけだ,ゆうきち,たけた,ゆうきち,Takeda,Yukichi,1886-05-05,1958-03-29,なし
1468,賀川豊彦,賀川,豊彦,かがわ,とよひこ,かかわ,とよひこ,Kagawa,Toyohiko,1888-07-10,1960-04-23,なし
1143,西尾正,西尾,正,にしお,ただし,にしお,たたし,Nishio,Tadashi,1907-12-12,1949-03-10,なし
1487,浅沼稲次郎,浅沼,稲次郎,あさぬま,いねじろう,あさぬま,いねしろう,Asanuma,Inejiro,1898-12-27,1960-10-12,なし
1789,日本経済新聞社,日本経済新聞社,,にほんけいざいしんぶんしゃ,,にほんけいさいしんふんしや,,Nihon Keizai Shinbunsha,,,,なし
1212,中江兆民,中江,兆民,なかえ,ちょうみん,なかえ,ちようみん,Nakae,Chomin,1847-12-08,1901-12-13,なし
1417,中江篤介,中江,篤介,なかえ,とくすけ,なかえ,とくすけ,Nakae,Tokusuke,1847-12-08,1901-12-13,なし
1535,津田左右吉,津田,左右吉,つだ,そうきち,つた,そうきち,Tsuda,Sokichi,1873-10-03,1961-12-04,なし
315,森林太郎,森,林太郎,もり,りんたろう,もり,りんたろう,Mori,Rintaro,1862-02-17,1922-07-09,なし
1211,清沢満之,清沢,満之,きよざわ,まんし,きよさわ,まんし,Kiyozawa,Manshi,1863-08-10,1903-06-06,なし
1669,大倉燁子,大倉,燁子,おおくら,てるこ,おおくら,てるこ,Okura,Teruko,1886-04-12,1960-07-18,なし
1340,ブラウニングロバート,ブラウニング,ロバート,ブラウニング,ロバート,ふらうにんく,ろはあと,Browning,Robert,1812-05-07,1889-12-12,なし
1153,長岡半太郎,長岡,半太郎,ながおか,はんたろう,なかおか,はんたろう,Nagaoka,Hantaro,1865-08-19,1950-12-11,なし
289,浜尾四郎,浜尾,四郎,はまお,しろう,はまお,しろう,Hamao,Shiro,1896-04-24,1935-10-29,なし
1329,ウォルトンみちよ,ウォルトン,みちよ,ウォルトン,みちよ,うおるとん,みちよ,Walton,Michiyo,,,あり
248,上司小剣,上司,小剣,かみつかさ,しょうけん,かみつかさ,しようけん,Kamitsukasa,Shoken,1874-12-15,1947-09-02,なし
1205,下村千秋,下村,千秋,しもむら,ちあき,しもむら,ちあき,Shimomura,Chiaki,1893-09-04,1955-01-31,なし
810,村井弦斎,村井,弦斎,むらい,げんさい,むらい,けんさい,Murai,Gensai,1863-12-18,1927-07-30,なし
1157,神西清,神西,清,じんざい,きよし,しんさい,きよし,Jinzai,Kiyoshi,1903-11-15,1957-03-11,なし
1578,今村明恒,今村,明恒,いまむら,あきつね,いまむら,あきつね,Imamura,Akitsune,1870-06-14,1948-01-01,なし
1127,狩野直喜,狩野,直喜,かの,なおき,かの,なおき,Kano,Naoki,1868-02-11,1947-12-13,なし
1407,ストレイチーリットン,ストレイチー,リットン,ストレイチー,リットン,すとれいちい,りつとん,Strachey,Lytton,1880-03-01,1932-01-21,なし
276,知里幸恵,知里,幸恵,ちり,ゆきえ,ちり,ゆきえ,Chiri,Yukie,1903-06-08,1922-09-18,なし
1539,片山敏彦,片山,敏彦,かたやま,としひこ,かたやま,としひこ,Katayama,Toshihiko,1898-11-05,1961-10-11,なし
320,与謝野寛,与謝野,寛,よさの,ひろし,よさの,ひろし,Yosano,Hiroshi,1873-02-26,1935-03-26,なし
1612,江森盛弥,江森,盛弥,えもり,もりや,えもり,もりや,Emori,Moriya,1903-08-18,1960-04-05,なし
525,木下尚江,木下,尚江,きのした,なおえ,きのした,なおえ,Kinoshita,Naoe,1869-10-12,1937-11-05,なし
325,蘭郁二郎,蘭,郁二郎,らん,いくじろう,らん,いくしろう,Ran,Ikujiro,1913-09-02,1944-01-05,なし
1397,橘外男,橘,外男,たちばな,そとお,たちはな,そとお,Tachibana,Sotoo,1894-10-10,1959-07-09,なし
1142,酒井嘉七,酒井,嘉七,さかい,かしち,さかい,かしち,Sakai,Kashichi,1903,1946,なし
1454,伊藤永之介,伊藤,永之介,いとう,えいのすけ,いとう,えいのすけ,Ito,Einosuke,1903-11-21,1959-07-26,なし
1425,小寺菊子,小寺,菊子,こでら,きくこ,こてら,きくこ,Kodera,Kikuko,1883-08-07,1956-11-26,なし
260,甲賀三郎,甲賀,三郎,こうが,さぶろう,こうか,さふろう,Koga,Saburo,1893-10-05,1945-02-14,なし
268,関根金次郎,関根,金次郎,せきね,きんじろう,せきね,きんしろう,Sekine,Kinjiro,1868-04-01,1946-03-12,なし
1399,マクラウドフィオナ,マクラウド,フィオナ,マクラウド,フィオナ,まくらうと,ふいおな,Macleod,Fiona,1855-09-12,1905-12-12,なし
1325,上村経吉,上村,経吉,うえむら,つねきち,うえむら,つねきち,Uemura,Tsunekichi,1868-04-28,1922-11-21,なし
1326,小笠原長生,小笠原,長生,おがさわら,ながなり,おかさわら,なかなり,Ogasawara,Nganari,1867-12-15,1958-09-20,なし
236,大阪圭吉,大阪,圭吉,おおさか,けいきち,おおさか,けいきち,Osaka,Keikichi,1912-03-20,1945-07-02,なし
1346,片山広子,片山,広子,かたやま,ひろこ,かたやま,ひろこ,Katayama,Hiroko,1878-02-10,1957-03-19,なし
1486,佐藤緑葉,佐藤,緑葉,さとう,りょくよう,さとう,りよくよう,Sto,Ryokuyo,1886-07-01,1960-09-02,なし
75,リルケライネル・マリア,リルケ,ライネル・マリア,リルケ,ライネル・マリア,りるけ,らいねるまりあ,Rilke,Rainer Maria,1875-12-04,1926-12-29,なし
262,小酒井不木,小酒井,不木,こざかい,ふぼく,こさかい,ふほく,Kosakai,Fuboku,1890-10-08,1929-04-01,なし
1179,土田耕平,土田,耕平,つちだ,こうへい,つちた,こうへい,Tsuchida,Kohei,1895-01-25,1940-08-12,なし
1497,吉井勇,吉井,勇,よしい,いさむ,よしい,いさむ,Yoshii,Isamu,1886-10-08,1960-11-19,なし
1054,浜田青陵,浜田,青陵,はまだ,せいりょう,はまた,せいりよう,Hamada,Seiryo,1881-02-22,1938-07-25,なし
740,原口統三,原口,統三,はらぐち,とうぞう,はらくち,とうそう,Haraguchi,Tozo,1927-01-14,1946-10-25,なし
1479,風巻景次郎,風巻,景次郎,かざまき,けいじろう,かさまき,けいしろう,Kazamaki,Keijiro,1902-05-22,1960-01-04,なし
95,佐々木直次郎,佐々木,直次郎,ささき,なおじろう,ささき,なおしろう,Sasaki,Naojiro,1901-03-27,1943-05-24,なし
241,小栗風葉,小栗,風葉,おぐり,ふうよう,おくり,ふうよう,Oguri,Fuyo,1875-02-03,1926-01-15,なし
1195,ダビットヤーコプ・ユリウス,ダビット,ヤーコプ・ユリウス,ダビット,ヤーコプ・ユリウス,たひつと,やあこふゆりうす,David,Jakob Julius,1859,1906,なし
1372,柴崎芳太郎,柴崎,芳太郎,しばざき,よしたろう,しはさき,よしたろう,Shibazaki,Yoshitaro,1876-08-13,1938-01-29,なし
684,内藤鳴雪,内藤,鳴雪,ないとう,めいせつ,ないとう,めいせつ,Naito,Meisetsu,1847-05-29,1926-02-20,なし
1702,ベートーヴェンルートヴィヒ・ヴァン,ベートーヴェン,ルートヴィヒ・ヴァン,ベートーヴェン,ルートヴィヒ・ヴァン,へえとおうえん,るうとういひうあん,Beethoven,Ludwig van,1770-12,1827-03-26,なし
1190,アルテンベルクペーター,アルテンベルク,ペーター,アルテンベルク,ペーター,あるてんへるく,へえたあ,ALTENBERG,PETER,1859-03-09,1919-01-08,なし
252,金史良,金,史良,きむ,さりゃん,きむ,さりやん,Kim,Sa-ryang,1914-03-03,1950,なし
488,小柳司気太,小柳,司気太,おやなぎ,しげた,おやなき,しけた,Oyanagi,Shigeta,1870-12-24,1940-07-18,なし
275,近松秋江,近松,秋江,ちかまつ,しゅうこう,ちかまつ,しゆうこう,Chikamatsu,Shuko,1876-05-04,1944-04-23,なし
1193,オイレンベルクヘルベルト,オイレンベルク,ヘルベルト,オイレンベルク,ヘルベルト,おいれんへるく,へるへると,Eulenberg,Herbert,1876-01-25,1949-09-04,なし
1308,徳永直,徳永,直,とくなが,すなお,とくなか,すなお,Tokunaga,Sunao,1899-01-20,1958-02-15,なし
1192,ホーフマンスタールフーゴー・フォン,ホーフマンスタール,フーゴー・フォン,ホーフマンスタール,フーゴー・フォン,ほおふまんすたある,ふうこおふおん,Hofmannsthal,Hugo von,1874-02-01,1929-07-15,なし
978,竹越与三郎,竹越,与三郎,たけこし,よさぶろう,たけこし,よさふろう,Takekoshi,Yosaburo,1865-11-22,1950-01-12,なし
1229,クロポトキンピョートル・アレクセーヴィチ,クロポトキン,ピョートル・アレクセーヴィチ,クロポトキン,ピョートル・アレクセーヴィチ,くろほときん,ひよおとるあれくせえういち,Kropotkin,Pyotr Alkseevich,1842-12-09,1921-02-08,なし
1272,溝口健二,溝口,健二,みぞぐち,けんじ,みそくち,けんし,Mizoguchi,Kenji,1898-05-16,1956-08-24,なし
603,白鳥庫吉,白鳥,庫吉,しらとり,くらきち,しらとり,くらきち,Shiratori,Kurakichi,1865-03-01,1942-04-01,なし
134,佐左木俊郎,佐左木,俊郎,ささき,としろう,ささき,としろう,Sasaki,Toshiro,1900-04-14,1933-03-13,なし
304,牧逸馬,牧,逸馬,まき,いつま,まき,いつま,Maki,Itsuma,1900-01-17,1935-06-29,なし
1543,犬養健,犬養,健,いぬかい,たける,いぬかい,たける,Inukai,Takeru,1896-07-28,1960-08-28,なし
10,大久保ゆう,大久保,ゆう,おおくぼ,ゆう,おおくほ,ゆう,Okubo,Yu,1982,,あり
712,成島柳北,成島,柳北,なるしま,りゅうほく,なるしま,りゆうほく,Narushima,Ryuhoku,1837-03-22,1884-11-30,なし
1575,濹上漁史,濹上漁史,,ぼくじょうぎょし,,ほくしようきよし,,Bokujogyoshi,,1837-03-22,1884-11-30,なし
48,南部修太郎,南部,修太郎,なんぶ,しゅうたろう,なんふ,しゆうたろう,Nanbu,Shutaro,1892-10-12,1936-06-22,なし
1151,久米正雄,久米,正雄,くめ,まさお,くめ,まさお,Kume,Masao,1891-11-23,1952-03-01,なし
247,加能作次郎,加能,作次郎,かのう,さくじろう,かのう,さくしろう,Kano,Sakujiro,1885-01-10,1941-08-05,なし
930,山本禾太郎,山本,禾太郎,やまもと,のぎたろう,やまもと,のきたろう,Yamamoto,Nogitaro,1889-02-28,1951-03-16,なし
162,若山牧水,若山,牧水,わかやま,ぼくすい,わかやま,ほくすい,Wakayama,Bokusui,1885-08-24,1928-09-17,なし
388,淡島寒月,淡島,寒月,あわしま,かんげつ,あわしま,かんけつ,Awashima,Kangetsu,1859-11-17,1926-02-23,なし
102,石橋忍月,石橋,忍月,いしばし,にんげつ,いしはし,にんけつ,Ishibashi,Ningetsu,1865-10-20,1926-02-01,なし
1154,岸田国士,岸田,国士,きしだ,くにお,きした,くにお,Kishida,Kunio,1890-11-02,1954-03-05,なし
212,竹久夢二,竹久,夢二,たけひさ,ゆめじ,たけひさ,ゆめし,Takehisa,Yumeji,1884-09-16,1934-09-01,なし
457,大槻文彦,大槻,文彦,おおつき,ふみひこ,おおつき,ふみひこ,Otsuki,Fumihiko,1847-12-22,1928-02-17,なし
963,野上豊一郎,野上,豊一郎,のがみ,とよいちろう,のかみ,とよいちろう,Nogami,Toyoichiro,1883-09-14,1950-02-23,なし
1261,邦枝完二,邦枝,完二,くにえだ,かんじ,くにえた,かんし,Kunieda,Kanji,1892-12-28,1956-08-02,なし
1222,高楠順次郎,高楠,順次郎,たかくす,じゅんじろう,たかくす,しゆんしろう,Takakusu,Junjiro,1866-06-29,1945-06-28,なし
1865,大堀竜太郎,大堀,竜太郎,おおほり,りゅうたろう,おおほり,りゆうたろう,Ohori,Ryutaro,,,あり
1306,川田功,川田,功,かわだ,いさお,かわた,いさお,Kawada,Isao,1882,1931,なし
278,津村信夫,津村,信夫,つむら,のぶお,つむら,のふお,Tsumura,Nobuo,1909-01-05,1944-06-27,なし
1178,テーラージェーン,テーラー,ジェーン,テーラー,ジェーン,てえらあ,しええん,Taylor,Jane,1783,1824,なし
1370,豊田三郎,豊田,三郎,とよだ,さぶろう,とよた,さふろう,Toyoda,Saburo,1907-02-12,1959-11-18,なし
221,平林初之輔,平林,初之輔,ひらばやし,はつのすけ,ひらはやし,はつのすけ,Hirabayashi,Hatsunosuke,1892-11-08,1931-06-15,なし
606,杉田久女,杉田,久女,すぎた,ひさじょ,すきた,ひさしよ,Sugita,Hisajo,1890-05-30,1946-01-21,なし
754,福士幸次郎,福士,幸次郎,ふくし,こうじろう,ふくし,こうしろう,Fukushi,Kojiro,1889-11-05,1946-10-11,なし
290,林不忘,林,不忘,はやし,ふぼう,はやし,ふほう,Hayashi,Fubo,1900-01-17,1935-06-29,なし
565,斎藤緑雨,斎藤,緑雨,さいとう,りょくう,さいとう,りよくう,Saito,Ryokuu,1868-01-24,1904-04-13,なし
959,相馬御風,相馬,御風,そうま,ぎょふう,そうま,きよふう,Soma,Gyofu,1883-07-10,1950-05-08,なし
1123,チェスタートンギルバート・キース,チェスタートン,ギルバート・キース,チェスタートン,ギルバート・キース,ちえすたあとん,きるはあときいす,Chesterton,Gilbert Keith,1874-05-29,1936-06-14,なし
72,山中貞雄,山中,貞雄,やまなか,さだお,やまなか,さたお,Yamanaka,Sadao,1909-11-07,1938-09-17,なし
1703,ヴェーゲラーフランツ・ゲルハルト,ヴェーゲラー,フランツ・ゲルハルト,ヴェーゲラー,フランツ・ゲルハルト,うええけらあ,ふらんつけるはると,Wegeler,Franz Gerhard,1765-08-02,1848-05-07,なし
491,片岡鉄兵,片岡,鉄兵,かたおか,てっぺい,かたおか,てつへい,Kataoka,Teppei,1894-02-02,1944-12-25,なし
492,片上伸,片上,伸,かたがみ,のぶる,かたかみ,のふる,Katagami,Noburu,1884-02-20,1928-03-05,なし
1931,岡田武松,岡田,武松,おかだ,たけまつ,おかた,たけまつ,Okada,Takematsu,1874-08-17,1956-09-02,なし
1073,高田保,高田,保,たかだ,たもつ,たかた,たもつ,Takada,Tamotsu,1895-03-28,1952-02-20,なし
1704,ブロイニングエレオノーレ・フォン,ブロイニング,エレオノーレ・フォン,ブロイニング,エレオノーレ・フォン,ふろいにんく,えれおのおれふおん,Breuning,Eleonore von,1771,1841,なし
1732,ボードレールシャルル・ピエール,ボードレール,シャルル・ピエール,ボードレール,シャルル・ピエール,ほおとれえる,しやるるひええる,Baudelaire,Charles Pierre,1821-04-09,1867-08-31,なし
1294,兼常清佐,兼常,清佐,かねつね,きよすけ,かねつね,きよすけ,Kanetsune,Kiyosuke,1885-11-22,1957-04-25,なし
577,佐藤惣之助,佐藤,惣之助,さとう,そうのすけ,さとう,そうのすけ,Sato,Sonosuke,1890-12-03,1942-05-15,なし
159,辻潤,辻,潤,つじ,じゅん,つし,しゆん,Tsuji,Jun,1884-10-04,1944-11-24,なし
1149,マルサストマス・ロバート,マルサス,トマス・ロバート,マルサス,トマス・ロバート,まるさす,とますろはあと,Malthus,Thomas Robert,1766-02-13,1834-12-29,なし
1251,ゴールドマンエマ,ゴールドマン,エマ,ゴールドマン,エマ,こおるとまん,えま,Goldman,Emma,1869-06-27,1940-05-14,なし
165,内田魯庵,内田,魯庵,うちだ,ろあん,うちた,ろあん,Uchida,Roan,1868-04-27,1929-06-29,なし
1392,長谷健,長谷,健,はせ,けん,はせ,けん,Hase,Ken,1904-10-17,1957-12-21,なし
1577,服部宇之吉,服部,宇之吉,はっとり,うのきち,はつとり,うのきち,Hattori,Unokichi,1867-06-02,1939-07-11,なし
1368,山本実彦,山本,実彦,やまもと,さねひこ,やまもと,さねひこ,Yamamoto,Sanehiko,1885-01-05,1952-07-01,なし
1533,宇野浩二,宇野,浩二,うの,こうじ,うの,こうし,Uno,Koji,1891-07-26,1961-09-21,なし
526,木下利玄,木下,利玄,きのした,りげん,きのした,りけん,Kinoshita,Rigen,1886-01-01,1925-02-15,なし
1147,相馬愛蔵,相馬,愛蔵,そうま,あいぞう,そうま,あいそう,Soma,Aizo,1870-11-08,1954-02-14,なし
1148,相馬黒光,相馬,黒光,そうま,こっこう,そうま,こつこう,Soma,Kokko,1876-09-12,1955-03-02,なし
1542,青野季吉,青野,季吉,あおの,すえきち,あおの,すえきち,Aono,Suekichi,1890-02-24,1961-06-23,なし
1086,ゴーチェテオフィル,ゴーチェ,テオフィル,ゴーチェ,テオフィル,こおちえ,ておふいる,Gautier,Theophile,1811-08-30,1872-10-23,なし
1521,長与善郎,長与,善郎,ながよ,よしろう,なかよ,よしろう,Nagayo,Yoshiro,1888-08-06,1961-10-29,なし
1231,松本文三郎,松本,文三郎,まつもと,ぶんざぶろう,まつもと,ふんさふろう,Matsumoto,Bunzaburo,1869,1944-12-18,なし
1481,三木貞一,三木,貞一,みき,ていいち,みき,ていいち,Miki,Teiichi,1861,1933,なし
249,嘉村礒多,嘉村,礒多,かむら,いそた,かむら,いそた,Kamura,Isota,1897-12-15,1933-11-30,なし
1082,相馬泰三,相馬,泰三,そうま,たいぞう,そうま,たいそう,Soma,Taizo,1885-12-29,1952-05-15,なし
112,水野仙子,水野,仙子,みずの,せんこ,みすの,せんこ,Mizuno,Senko,1888-12-03,1919-05-31,なし
1172,村山籌子,村山,籌子,むらやま,かずこ,むらやま,かすこ,Murayama,Kazuko,1903-11-07,1946-08-04,なし
1295,レスコーフニコライ・セミョーノヴィチ,レスコーフ,ニコライ・セミョーノヴィチ,レスコーフ,ニコライ・セミョーノヴィチ,れすこおふ,にこらいせみよおのういち,Leskov,Nikolai Semyonovich,1831-02-16,1895-03-05,なし
1396,原田義人,原田,義人,はらだ,よしと,はらた,よしと,Harada,Yoshito,1918-08-05,1960-08-01,なし
237,大町桂月,大町,桂月,おおまち,けいげつ,おおまち,けいけつ,Omachi,Keigetsu,1869-03-06,1925-06-10,なし
1101,ミルトンジョン,ミルトン,ジョン,ミルトン,ジョン,みるとん,しよん,Milton,John,1608-12-09,1674-11-08,なし
1374,大下藤次郎,大下,藤次郎,おおした,とうじろう,おおした,とうしろう,Oshita,Tojiro,1870-07-09,1911-10-10,なし
1379,小川登喜男,小川,登喜男,おがわ,ときお,おかわ,ときお,Ogawa,Tokio,1908,1949,なし
1381,石井柏亭,石井,柏亭,いしい,はくてい,いしい,はくてい,Ishii,Hakutei,1882-03-28,1958-12-29,なし
141,坪内逍遥,坪内,逍遥,つぼうち,しょうよう,つほうち,しようよう,Tsubouchi,Shoyo,1859-06-22,1935-02-28,なし
1037,原勝郎,原,勝郎,はら,かつろう,はら,かつろう,Hara,Katsuro,1871-04-15,1924-01-12,なし
163,若松賤子,若松,賤子,わかまつ,しずこ,わかまつ,しすこ,Wakamatsu,Shizuko,1864-04-06,1896-02-10,なし
1476,大鹿卓,大鹿,卓,おおしか,たく,おおしか,たく,Oshika,Taku,1898-08-25,1959-02-01,なし
348,范曄,范,曄,はん,よう,はん,よう,Fan,Ye,398,445,なし
1567,橘樸,橘,樸,たちばな,しらき,たちはな,しらき,Tachibana,Shiraki,1881-10-14,1945-10-25,なし
1337,阪井久良伎,阪井,久良伎,さかい,くらき,さかい,くらき,sakai,Kuraki,1869,1945,なし
802,三宅花圃,三宅,花圃,みやけ,かほ,みやけ,かほ,Miyake,Kaho,1869-02-04,1943-07-18,なし
1375,鵜殿正雄,鵜殿,正雄,うどの,まさお,うとの,まさお,Udono,Masao,1877,1945,なし
1373,木暮理太郎,木暮,理太郎,こぐれ,りたろう,こくれ,りたろう,Kogure,Ritaro,1873,1944-05-07,なし
1228,辻村もと子,辻村,もと子,つじむら,もとこ,つしむら,もとこ,Tsujimura,Motoko,1906-02-11,1946-05-24,なし
1017,三上義夫,三上,義夫,みかみ,よしお,みかみ,よしお,Mikami,Yoshio,1875-02-16,1950-12-31,なし
220,吉江喬松,吉江,喬松,よしえ,たかまつ,よしえ,たかまつ,Yoshie,Takamatsu,1880-09-05,1940-03-26,なし
1389,シュウォッブマルセル,シュウォッブ,マルセル,シュウォッブ,マルセル,しゆうおつふ,まるせる,Schwob,Marcel,1867-08-25,1905-02-26,なし
940,別所梅之助,別所,梅之助,べっしょ,うめのすけ,へつしよ,うめのすけ,Bessho,Umenosuke,1872-01-21,1945-03-01,なし
1388,新島襄,新島,襄,にいじま,じょう,にいしま,しよう,Niijima,Jo,1843-02-12,1890-01-23,なし
111,佐々木味津三,佐々木,味津三,ささき,みつぞう,ささき,みつそう,Sasaki,Mitsuzo,1896-03-18,1934-02-06,なし
1062,ストリンドベリアウグスト,ストリンドベリ,アウグスト,ストリンドベリ,アウグスト,すとりんとへり,あうくすと,Strindberg,August,1849,1912,なし
1595,井上準之助,井上,準之助,いのうえ,じゅんのすけ,いのうえ,しゆんのすけ,Inoue,Junnosuke,1869-05-06,1932-02-09,なし
970,とだけん,とだ,けん,とだ,けん,とた,けん,Toda,Ken,1889-01-04,1936-03-11,なし
1262,土原耕作,土原,耕作,つちはら,こうさく,つちはら,こうさく,Tsuchihara,Kosaku,1889-01-04,1936-03-11,なし
342,柴田流星,柴田,流星,しばた,りゅうせい,しはた,りゆうせい,Shibata,Ryusei,1879-02-28,1913-09-27,なし
1066,ビアスアンブローズ,ビアス,アンブローズ,ビアス,アンブローズ,ひあす,あんふろおす,Bierce,Ambrose,1842,1914,なし
338,フランスアナトール,フランス,アナトール,フランス,アナトール,ふらんす,あなとおる,France,Anatole,1844-04-16,1924-10-12,なし
1428,アインシュタインアルベルト,アインシュタイン,アルベルト,アインシュタイン,アルベルト,あいんしゆたいん,あるへると,Einstein,Albert,1879-03-14,1955-04-18,なし
374,饗庭篁村,饗庭,篁村,あえば,こうそん,あえは,こうそん,Aeba,Koson,1855-09-25,1922-06-20,なし
1314,青柳喜兵衛,青柳,喜兵衛,あおやぎ,きへい,あおやき,きへい,Aoyagi,Kihei,1904-01-01,1938-08-28,なし
1990,芥川紗織,芥川,紗織,あくたがわ,さおり,あくたかわ,さおり,Akutagawa,Saori,1924-05-24,1966-01-31,なし
347,小川亮作,小川,亮作,おがわ,りょうさく,おかわ,りようさく,Ogawa,Ryosaku,1910,1951,なし
380,浅井洌,浅井,洌,あさい,れつ,あさい,れつ,Asai,Retsu,1849-10-10,1938-02-27,なし
1816,浅野正恭,浅野,正恭,あさの,まさやす,あさの,まさやす,Asano,Masayasu,1868-01-22,1954-10-20,なし
225,阿部徳蔵,阿部,徳蔵,あべ,とくぞう,あへ,とくそう,Abe,Tokuzo,1889,1944,なし
1909,安倍能成,安倍,能成,あべ,よししげ,あへ,よししけ,Abe,Yoshishige,1883-12-23,1966-06-07,なし
1948,鮎川義介,鮎川,義介,あゆかわ,よしすけ,あゆかわ,よしすけ,Ayukawa,Yoshisuke,1880-11-06,1967-02-13,なし
1902,新井紀一,新井,紀一,あらい,きいち,あらい,きいち,Arai,Kiichi,1890-02-22,1966-03-13,なし
1716,アラルコンペドロ・アントニオ,アラルコン,ペドロ・アントニオ,アラルコン,ペドロ・アントニオ,あらるこん,へとろあんとにお,Alarcon,Pedro Antonio,1833-01-10,1891-07-19,なし
1221,荻原雲来,荻原,雲来,おぎわら,うんらい,おきわら,うんらい,Ogiwara,Unrai,1869-03-22,1937-12-20,なし
2044,奥増夫,奥,増夫,おく,ますお,おく,ますお,Oku,Masuo,,,あり
366,アルチバシェッフミハイル・ペトローヴィチ,アルチバシェッフ,ミハイル・ペトローヴィチ,アルチバシェッフ,ミハイル・ペトローヴィチ,あるちはしえつふ,みはいるへとろおういち,Artsybashev,Mikhail Petrovich,1878-11-05,1927-03-03,なし
1863,安西冬衛,安西,冬衛,あんざい,ふゆえ,あんさい,ふゆえ,Anzai,Huyue,1898-03-09,1965-08-24,なし
907,アンドレーエフレオニード・ニコラーエヴィチ,アンドレーエフ,レオニード・ニコラーエヴィチ,アンドレーエフ,レオニード・ニコラーエヴィチ,あんとれええふ,れおにいとにこらあえういち,Andreev,Leonid Nikolaevich,1871,1919,なし
1597,李箱,李,箱,い,さん,い,さん,I,Sang,1910-09-14,1937-04-17,なし
1626,猪狩満直,猪狩,満直,いかり,みつなお,いかり,みつなお,Ikari,Mitsunao,1898-05-09,1938-04-17,なし
392,生田葵山,生田,葵山,いくた,きざん,いくた,きさん,Ikuta,Kizan,1876-04-14,1945-12-31,なし
393,生田長江,生田,長江,いくた,ちょうこう,いくた,ちようこう,Ikuta,Choko,1882-04-21,1936-01-11,なし
1413,池田亀鑑,池田,亀鑑,いけだ,きかん,いけた,きかん,Ikeda,Kikan,1896-12-09,1956-12-19,なし
1352,池田輝方,池田,輝方,いけだ,てるかた,いけた,てるかた,Ikeda,Terukata,1833-01-04,1921-05-06,なし
398,池谷信三郎,池谷,信三郎,いけたに,しんざぶろう,いけたに,しんさふろう,Iketani,Shinsaburo,1900-10-15,1933-12-21,なし
868,池宮城積宝,池宮城,積宝,いけみやぎ,せきほう,いけみやき,せきほう,Ikemiyagi,Sekiho,1893,1951,なし
228,井沢衣水,井沢,衣水,いざわ,いすい,いさわ,いすい,Izawa,Isui,1889,1967-08-14,なし
1252,石井研堂,石井,研堂,いしい,けんどう,いしい,けんとう,Ishii,Kendo,1865,1943,なし
1460,尾佐竹猛,尾佐竹,猛,おさたけ,たけき,おさたけ,たけき,Osatake,Takeki,1880-01-20,1946-10-01,なし
1170,石川三四郎,石川,三四郎,いしかわ,さんしろう,いしかわ,さんしろう,Ishikawa,Sanshiro,1876-05-23,1956-11-28,なし
1835,石川成章,石川,成章,いしかわ,せいしょう,いしかわ,せいしよう,Ishikawa,Seisho,1872-07-26,1945-09-06,なし
1478,石川千代松,石川,千代松,いしかわ,ちよまつ,いしかわ,ちよまつ,Ishikawa,Chiyomatsu,1860-01-08,1935-01-17,なし
1206,石河幹明,石河,幹明,いしかわ,みきあき,いしかわ,みきあき,Ishikawa,Mikiaki,1859-11-11,1943-07-25,なし
229,石田孫太郎,石田,孫太郎,いしだ,まごたろう,いした,まこたろう,Ishida,Magotaro,1874,1936,なし
1742,石原忍,石原,忍,いしはら,しのぶ,いしはら,しのふ,Ishihara,Shinobu,1879-09-25,1963-01-03,なし
1665,泉芳朗,泉,芳朗,いずみ,ほうろう,いすみ,ほうろう,Izumi,Horo,1905-03-18,1959-04-09,なし
864,板倉勝宣,板倉,勝宣,いたくら,かつのぶ,いたくら,かつのふ,Itakura,Katsunobu,1898-02-12,1923-01-17,なし
412,市島春城,市島,春城,いちじま,しゅんじょう,いちしま,しゆんしよう,Ichijima,Syunjo,1860-03-09,1944-04-21,なし
1197,伊東静雄,伊東,静雄,いとう,しずお,いとう,しすお,Ito,Shizuo,1906-12-10,1953-03-12,なし
1642,伊藤信二,伊藤,信二,いとう,しんじ,いとう,しんし,Ito,Shinji,1907-10-30,1932-08-14,なし
1232,伊東忠太,伊東,忠太,いとう,ちゅうた,いとう,ちゆうた,Ito,Chyuta,1867-11-21,1954-04-07,なし
1961,稲垣巌,稲垣,巌,いながき,いわお,いなかき,いわお,Inagaki,Iwao,1897-02-15,1937-08-15,なし
1289,犬田卯,犬田,卯,いぬた,しげる,いぬた,しける,Inuta,Shigeru,1891-08-23,1957-07-21,なし
1685,井上貞治郎,井上,貞治郎,いのうえ,ていじろう,いのうえ,ていしろう,Inoue,Teijiro,1881-08-16,1963-11-10,なし
420,井上哲次郎,井上,哲次郎,いのうえ,てつじろう,いのうえ,てつしろう,Inoue,Tetsujiro,1856-02-01,1944-12-07,なし
1315,井上良夫,井上,良夫,いのうえ,よしお,いのうえ,よしお,Inoue,Yoshio,1908,1945,なし
232,伊波普猷,伊波,普猷,いは,ふゆう,いは,ふゆう,Iha,Fuyu,1876-03-15,1947-08-13,なし
1336,伊庭心猿,伊庭,心猿,いば,しんえん,いは,しんえん,Iba,Shinen,1908,1957-02-25,なし
1210,違星北斗,違星,北斗,いぼし,ほくと,いほし,ほくと,Iboshi,Hokuto,1902-01-01,1929-01-26,なし
234,今井邦子,今井,邦子,いまい,くにこ,いまい,くにこ,Imai,Kuniko,1890-05-31,1948-07-15,なし
1627,今村恒夫,今村,恒夫,いまむら,つねお,いまむら,つねお,Imamura,Tsuneo,1908-01-15,1936-12-09,なし
430,伊良子清白,伊良子,清白,いらこ,せいはく,いらこ,せいはく,Irako,Seihaku,1877-10-04,1946-01-10,なし
137,岩野泡鳴,岩野,泡鳴,いわの,ほうめい,いわの,ほうめい,Iwano,Homei,1873-01-20,1920-05-09,なし
1353,岩村透,岩村,透,いわむら,とおる,いわむら,とおる,Iwamura,Toru,1870-02-25,1917-08-17,なし
493,加藤朝鳥,加藤,朝鳥,かとう,あさとり,かとう,あさとり,Kato,Asatori,1886-09-19,1938-05-17,なし
1534,岩本素白,岩本,素白,いわもと,そはく,いわもと,そはく,Iwamoto,Sohaku,1883-08-17,1961-10-02,なし
17,ウィードグスターフ,ウィード,グスターフ,ウィード,グスターフ,ういいと,くすたあふ,Wied,Gustav,1858,1914,なし
435,上田万年,上田,万年,うえだ,かずとし,うえた,かすとし,Ueda,Kazutoshi,1867-02-11,1937-10-26,なし
1628,上田進,上田,進,うえだ,すすむ,うえた,すすむ,Ueda,Susumu,1907-10-24,1947-02-24,なし
1903,上田広,上田,広,うえだ,ひろし,うえた,ひろし,Ueda,Hiroshi,1905-06-18,1966-02-27,なし
880,枯葉,枯葉,,かれは,,かれは,,Kareha,,,,あり
1705,ヴェルハーレンエミール,ヴェルハーレン,エミール,ヴェルハーレン,エミール,うえるはあれん,えみいる,Verhaeren,Emile,1855-03-21,1916-11-27,なし
1582,宇田川文海,宇田川,文海,うだがわ,ぶんかい,うたかわ,ふんかい,Udagawa,Bunkai,1848-03-28,1930-01-06,なし
1070,神吉三郎,神吉,三郎,かんき,さぶろう,かんき,さふろう,Kanki,Saburo,1899-2-17,1952-11-9,なし
1762,内山完造,内山,完造,うちやま,かんぞう,うちやま,かんそう,Uchiyama,Kanzou,1885-01-11,1959-09-20,なし
1798,梅崎春生,梅崎,春生,うめざき,はるお,うめさき,はるお,Umezaki,Haruo,1915-02-15,1965-07-19,なし
1630,榎南謙一,榎南,謙一,えなみ,けんいち,えなみ,けんいち,Enami,Kenichi,1913,1945,なし
1321,江南文三,江南,文三,えなみ,ぶんぞう,えなみ,ふんそう,Enami,Bunzo,1887-12-26,1946-02-08,なし
448,江見水蔭,江見,水蔭,えみ,すいいん,えみ,すいいん,Emi,Suiin,1869-09-17,1934-11-03,なし
1139,エンゲルスフリードリッヒ,エンゲルス,フリードリッヒ,エンゲルス,フリードリッヒ,えんけるす,ふりいとりつひ,Engels,Friedrich,1820-11-28,1895-08-05,なし
1908,小穴隆一,小穴,隆一,おあな,りゅういち,おあな,りゆういち,Oana,Ryuichi,1894-11-28,1966-04-24,なし
1631,大石喜幸,大石,喜幸,おおいし,よしゆき,おおいし,よしゆき,Oishi,Yoshiyuki,1910,1941,なし
1632,大江鉄麿,大江,鉄麿,おおえ,てつまろ,おおえ,てつまろ,Oe,Tetsumaro,1915,1944,なし
1689,大木頭,大木,頭,おおき,,おおき,,Oki,,1886-02-20,1912-04-13,なし
1879,大隈重信,大隈,重信,おおくま,しげのぶ,おおくま,しけのふ,Okuma,Shigenobu,1838-03-11,1922-01-10,なし
1872,大下宇陀児,大下,宇陀児,おおした,うだる,おおした,うたる,Oshita,Udaru,1896-11-15,1966-08-11,なし
863,大島亮吉,大島,亮吉,おおしま,りょうきち,おおしま,りようきち,Oshima,Ryokichi,1899-09-04,1928-03-25,なし
1824,大坪砂男,大坪,砂男,おおつぼ,すなお,おおつほ,すなお,Otsubo,Sunao,1904-02-01,1965-01-12,なし
1316,大庭武年,大庭,武年,おおば,たけとし,おおは,たけとし,Oba,Taketoshi,1904,1945,なし
1474,丘浅次郎,丘,浅次郎,おか,あさじろう,おか,あさしろう,Oka,Asajiro,1868-12-31,1944-05-02,なし
965,丘丘十郎,丘,丘十郎,おか,きゅうじゅうろう,おか,きゆうしゆうろう,Oka,Kyujuro,1897-12-26,1949-05-17,なし
467,岡倉由三郎,岡倉,由三郎,おかくら,よしさぶろう,おかくら,よしさふろう,Okakura,Yoshisaburo,1868-03-15,1936-10-31,なし
1354,岡崎雪声,岡崎,雪声,おかざき,せっせい,おかさき,せつせい,Okazaki,Sessei,1854-02-26,1921-04-16,なし
1355,岡田三郎助,岡田,三郎助,おかだ,さぶろうすけ,おかた,さふろうすけ,Okada,Saburosuke,1869- 02-22,1939-09-23,なし
874,尾形亀之助,尾形,亀之助,おがた,かめのすけ,おかた,かめのすけ,Ogata,Kamenosuke,1900-12-12,1942-12-02,なし
239,岡本一平,岡本,一平,おかもと,いっぺい,おかもと,いつへい,Okamoto,Ippei,1886-06-11,1948-10-11,なし
1339,岡本帰一,岡本,帰一,おかもと,きいち,おかもと,きいち,Okamoto,Kiichi,1888-6-12,1930-12-29,なし
474,小川正子,小川,正子,おがわ,まさこ,おかわ,まさこ,Ogawa,Masako,1902-03-26,1943-04-29,なし
120,木下杢太郎,木下,杢太郎,きのした,もくたろう,きのした,もくたろう,Kinoshita,Mokutaro,1885-08-01,1945-10-15,なし
1180,沖野岩三郎,沖野,岩三郎,おきの,いわさぶろう,おきの,いわさふろう,Okino,Iwasaburo,1876-01-05,1956-01-30,なし
240,荻原守衛,荻原,守衛,おぎわら,もりえ,おきわら,もりえ,Ogiwara,Morie,1879-12-01,1910-04-22,なし
1753,尾崎士郎,尾崎,士郎,おざき,しろう,おさき,しろう,Ozaki,Shiro,1898-02-05,1964-02-19,なし
242,尾崎秀実,尾崎,秀実,おざき,ほつみ,おさき,ほつみ,Ozaki,Hotsumi,1901-05-01,1944-11-07,なし
479,小山内薫,小山内,薫,おさない,かおる,おさない,かおる,Osanai,Kaoru,1881-07-26,1928-12-25,なし
1589,落合ユキ子,落合,ユキ子,おちあい,ユキこ,おちあい,ゆきこ,Ochiai,Yukiko,1903-11-07,1946-08-04,なし
1761,小津安二郎,小津,安二郎,おづ,やすじろう,おつ,やすしろう,Ozu,Yasujiro,1903-12-12,1963-12-12,なし
1887,小野梓,小野,梓,おの,あずさ,おの,あすさ,Ono,Azusa,1852-03-10,1886-01-11,なし
243,小野賢一郎,小野,賢一郎,おの,けんいちろう,おの,けんいちろう,Ono,Ken'ichiro,1888-07-01,1943-02-01,なし
871,小野浩,小野,浩,おの,ひろし,おの,ひろし,Ono,Hiroshi,1894-06-29,1933-10-21,なし
1356,尾上梅幸,尾上,梅幸,おのえ,ばいこう,おのえ,はいこう,Onoe,Baiko,1870-11-08,1934-11-08,なし
201,グリーンジェイムズ,グリーン,ジェイムズ,グリーン,ジェイムズ,くりいん,しえいむす,Green,James,,2014-04,あり
1246,恩地孝四郎,恩地,孝四郎,おんち,こうしろう,おんち,こうしろう,Onchi,Koshiro,1891-07-02,1955-06-03,なし
1290,癋見鈍太郎,癋見,鈍太郎,かくみ,どんたろう,かくみ,とんたろう,Kakumi,Dontaro,1889-01-04,1936-03-11,なし
244,梶井久,梶井,久,かじい,ひさ,かしい,ひさ,Kajii,Hisa,1870,1946,なし
1978,勝本清一郎,勝本,清一郎,かつもと,せいいちろう,かつもと,せいいちろう,Katsumoto,Seiichiro,1899-05-05,1967-03-23,なし
1286,桂小南,桂,小南,かつら,こなん,かつら,こなん,Katsura,Konan,1880-05-24,1947-11-21,なし
919,加藤一夫,加藤,一夫,かとう,かずお,かとう,かすお,Kato,Kazuo,1887-02-28,1951-01-25,なし
1317,加藤弘之,加藤,弘之,かとう,ひろゆき,かとう,ひろゆき,Kato,Hiroyuki,1836-06-23,1916-02-09,なし
1240,加藤道夫,加藤,道夫,かとう,みちお,かとう,みちお,Kato,Michio,1918-10-17,1953-12-22,なし
1984,金沢庄三郎,金沢,庄三郎,かなざわ,しょうざぶろう,かなさわ,しようさふろう,Kanazawa,Shozaburo,1872-06-12,1967-06-02,なし
873,金田千鶴,金田,千鶴,かなだ,ちづ,かなた,ちつ,Kanada,Chizu,1902-11-19,1934-08-17,なし
1956,金森徳次郎,金森,徳次郎,かなもり,とくじろう,かなもり,とくしろう,Kanamori,Tokujiro,1886-03-17,1959-06-16,なし
920,金子薫園,金子,薫園,かねこ,くんえん,かねこ,くんえん,Kaneko,Kun'en,1876-11-30,1951-03-30,なし
246,金子ふみ子,金子,ふみ子,かねこ,ふみこ,かねこ,ふみこ,Kaneko,Fumiko,1903-01-25,1926-07-23,なし
1781,金田鬼一,金田,鬼一,かねだ,きいち,かねた,きいち,Kaneda,Kiichi,1886-12-10,1963-11-01,なし
866,狩野亨吉,狩野,亨吉,かのう,こうきち,かのう,こうきち,Kano,Kokichi,1865-09-17,1942-12-22,なし
891,加福均三,加福,均三,かふく,きんぞう,かふく,きんそう,Kafuku,Kinzo,1885,1948,なし
1870,亀井勝一郎,亀井,勝一郎,かめい,かついちろう,かめい,かついちろう,Kamei,Katsuichiro,1907-02-06,1966-11-14,なし
1076,高良とみ,高良,とみ,こうら,とみ,こうら,とみ,Kora,Tomi,1896-7-1,1993-1-17,あり
1906,河井寛次郎,河井,寛次郎,かわい,かんじろう,かわい,かんしろう,Kawai,Kanjiro,1890-08-24,1966-11-18,なし
1861,河井酔茗,河井,酔茗,かわい,すいめい,かわい,すいめい,Kawai,Suimei,1874-05-07,1965-01-17,なし
507,川上眉山,川上,眉山,かわかみ,びざん,かわかみ,ひさん,Kawakami,Bizan,1869-04-16,1908-06-15,なし
1911,川田順,川田,順,かわだ,じゅん,かわた,しゆん,Kawada,Jun,1882-01-15,1966-01-22,なし
1588,川田雪山,川田,雪山,かわだ,せつざん,かわた,せつさん,Kawada,Setsuzan,1879-05-24,1951-01,なし
1532,川田瑞穂,川田,瑞穂,かわだ,みずほ,かわた,みすほ,Kawada,Mizuho,1879-05-24,1951-01,なし
369,川端茅舎,川端,茅舎,かわばた,ぼうしゃ,かわはた,ほうしや,Kawabata,Bosha,1897-08-17,1941-07-17,なし
510,河東碧梧桐,河東,碧梧桐,かわひがし,へきごとう,かわひかし,へきことう,Kawahigashi,Hekigoto,1873-02-26,1937-02-01,なし
938,観世左近　二十四世,観世,左近　二十四世,かんぜ,さこん　にじゅうよんせい,かんせ,さこんにしゆうよんせい,Kanze,Sakon Nijuyonsei,1895-12-18,1939-03-21,なし
1731,神田左京,神田,左京,かんだ,さきょう,かんた,さきよう,Kanda,Sakyo,1874-07-07,1939-07-07,なし
1666,漢那浪笛,漢那,浪笛,かんな,ろうてき,かんな,ろうてき,Kanna,Roteki,1887,1939,なし
1055,蒲原有明,蒲原,有明,かんばら,ありあけ,かんはら,ありあけ,Kanbara,Ariake,1875-03-15,1952-02-03,なし
1484,魏徴,魏,徴,ぎ,ちょう,き,ちよう,Wei,Zheng,580,643,なし
872,木内高音,木内,高音,きうち,たかね,きうち,たかね,Kiuchi,Takane,1896-02-28,1951-06-07,なし
514,菊池幽芳,菊池,幽芳,きくち,ゆうほう,きくち,ゆうほう,Kikuchi,Yuho,1870-10-27,1947-07-21,なし
1723,斎藤三郎,斎藤,三郎,さいとう,さぶろう,さいとう,さふろう,Saito,Saburo,1895-08-26,1960-02-02,なし
164,堺利彦,堺,利彦,さかい,としひこ,さかい,としひこ,Sakai,Toshihiko,1871-01-15,1933-01-23,なし
251,岸田劉生,岸田,劉生,きしだ,りゅうせい,きした,りゆうせい,Kishida,Ryusei,1891-06-23,1929-12-20,なし
1751,北尾亀男,北尾,亀男,きたお,かめお,きたお,かめお,Kitao,Kameo,1892-08-25,1958-02-08,なし
1357,北村四海,北村,四海,きたむら,しかい,きたむら,しかい,Kitamura,Shikai,1871-04-03,1927-11-14,なし
1537,喜多村緑郎,喜多村,緑郎,きたむら,ろくろう,きたむら,ろくろう,Kitamura,Rokuro,1871-09-07,1961-05-16,なし
114,キプリングラデャード,キプリング,ラデャード,キプリング,ラデャード,きふりんく,らてやあと,Kipling,Rudyard,1865-12-30,1936-01-18,なし
1207,木村芥舟,木村,芥舟,きむら,かいしゅう,きむら,かいしゆう,Kimura,Kaishu,1830-02-27,1901-12-09,なし
1243,木村小舟,木村,小舟,きむら,しょうしゅう,きむら,しようしゆう,Kimura,Shoshu,1881-09-12,1955-04-20,なし
1894,木村荘十,木村,荘十,きむら,そうじゅう,きむら,そうしゆう,Kimura,Soju,1897-01-12,1967-05-06,なし
1643,木村好子,木村,好子,きむら,よしこ,きむら,よしこ,Kimura,Yoshiko,1904-01-10,1959-10-24,なし
1327,肝付兼行,肝付,兼行,きもつき,かねゆき,きもつき,かねゆき,Kimotsuki,Kaneyuki,1853-04-23,1922-01-13,なし
1393,キャロルルイス,キャロル,ルイス,キャロル,ルイス,きやろる,るいす,Carroll,Lewis,1832-01-27,1898-01-14,なし
1078,瞿佑,瞿,佑,く,ゆう,く,ゆう,Qu,You,1341,1427,なし
253,陸羯南,陸,羯南,くが,かつなん,くか,かつなん,Kuga,Katsunan,1857-11-30,1907-09-02,なし
1516,草野天平,草野,天平,くさの,てんぺい,くさの,てんへい,Kusano,Tenpei,1910-02-28,1952-04-25,なし
1866,楠田匡介,楠田,匡介,くすだ,きょうすけ,くすた,きようすけ,Kusuda,Kyousuke,1903,1966,なし
367,クスミンミカイル・アレクセーヴィチ,クスミン,ミカイル・アレクセーヴィチ,クスミン,ミカイル・アレクセーヴィチ,くすみん,みかいるあれくせえういち,Kuzmin,Mikhail Alekseevich,1872,1936,なし
1834,The Creative CAT,The Creative CAT,,ザ・クリエイティヴ・キャット,,さくりえいていうきやつと,,The Creative CAT,,,,あり
1633,国見善弘,国見,善弘,くにみ,よしひろ,くにみ,よしひろ,Kunimi,Yoshihiro,1916,1937,なし
1307,久保栄,久保,栄,くぼ,さかえ,くほ,さかえ,Kubo,Sakae,1900-12-28,1958-03-15,なし
537,久保良英,久保,良英,くぼ,よしひで,くほ,よしひて,Kubo,Yoshihide,1883-04-22,1942-11-11,なし
1907,窪田空穂,窪田,空穂,くぼた,うつぼ,くほた,うつほ,Kubota,Utsuho,1877-06-08,1967-04-12,なし
1692,久保田万太郎,久保田,万太郎,くぼた,まんたろう,くほた,まんたろう,Kubota,Mantaro,1889-11-07,1963-05-06,なし
1144,クラウフォードフランシス・マリオン,クラウフォード,フランシス・マリオン,クラウフォード,フランシス・マリオン,くらうふおおと,ふらんしすまりおん,Crawford,Francis Marion,1854-08-02,1909-04-09,なし
1645,倉橋潤一郎,倉橋,潤一郎,くらはし,じゅんいちろう,くらはし,しゆんいちろう,Kurahashi,Jun'ichiro,1914,1945-10,なし
1821,蔵原伸二郎,蔵原,伸二郎,くらはら,しんじろう,くらはら,しんしろう,Kurahara,Shinjiro,1899-09-04,1965-03-16,なし
357,クラルテジュール,クラルテ,ジュール,クラルテ,ジュール,くらるて,しゆうる,Claretie,Jules,1840,1913,なし
1527,栗島山之助,栗島,山之助,くりしま,さんのすけ,くりしま,さんのすけ,Kurishima,Sannosuke,1876-04-01,1945-11-06,なし
1563,グルモンレミ・ドゥ,グルモン,レミ・ドゥ,グルモン,レミ・ドゥ,くるもん,れみとう,Gourmont,Remy de,1858-04-04,1915-09-27,なし
1707,クローデルポール,クローデル,ポール,クローデル,ポール,くろおてる,ほおる,Claudel,Paul,1868-08-06,1955-02-23,なし
974,黒木舜平,黒木,舜平,くろき,しゅんぺい,くろき,しゆんへい,Kuroki,Shunpei,1909-06-19,1948-06-13,なし
37,黒島伝治,黒島,伝治,くろしま,でんじ,くろしま,てんし,Kuroshima,Denji,1898-12-12,1943-10-17,なし
257,黒田清輝,黒田,清輝,くろだ,せいき,くろた,せいき,Kuroda,Seiki,1866-06-29,1924-07-15,なし
1435,黒部溯郎,黒部,溯郎,くろべ,そろう,くろへ,そろう,Kurobe,Soro,1892,1949-03,なし
542,桑木厳翼,桑木,厳翼,くわき,げんよく,くわき,けんよく,Kuwaki,Gen'yoku,1874-06-25,1946-12-15,なし
1250,ケイエレン,ケイ,エレン,ケイ,エレン,けい,えれん,Key,Ellen,1849-12-11,1926-04-25,なし
1285,慶應義塾,慶應義塾,,けいおうぎじゅく,,けいおうきしゆく,,Keiogijuku,,,,なし
1300,ケネディパトリック,ケネディ,パトリック,ケネディ,パトリック,けねてい,はとりつく,Kennedy,Patrick,1801,1873,なし
1769,ゲランシャルル,ゲラン,シャルル,ゲラン,シャルル,けらん,しやるる,Guerin,Charles,1873-12-29,1907-03-17,なし
1846,小泉信三,小泉,信三,こいずみ,しんぞう,こいすみ,しんそう,Koizumi,Shinzo,1888-05-04,1966-05-11,なし
1759,実吉捷郎,実吉,捷郎,さねよし,はやお,さねよし,はやお,Saneyoshi,Hayao,1895-01-20,1962-02-15,なし
1774,高祖保,高祖,保,こうそ,たもつ,こうそ,たもつ,Koso,Tamotsu,1910-05-04,1945-01-20,なし
1469,河野常吉,河野,常吉,こうの,つねきち,こうの,つねきち,Kono,Tsunekichi,1863-01-11,1930-09-03,なし
1677,河野広道,河野,広道,こうの,ひろみち,こうの,ひろみち,Kouno,Hiromichi,1905-01-17,1963-07-12,なし
1797,河本大作,河本,大作,こうもと,だいさく,こうもと,たいさく,Komoto,Daisaku,1883-01-24,1955-08-25,なし
1077,郡虎彦,郡,虎彦,こおり,とらひこ,こおり,とらひこ,Kori,Torahiko,1890-6-28,1924-10-6,なし
364,ゴーリキーマクシム,ゴーリキー,マクシム,ゴーリキー,マクシム,こおりきい,まくしむ,Gorky,Maksim,1868,1936,なし
1247,小金井喜美子,小金井,喜美子,こがねい,きみこ,こかねい,きみこ,Koganei,Kimiko,1871-01-19,1956-01-26,なし
1186,宍戸儀一,宍戸,儀一,ししど,ぎいち,ししと,きいち,Shishido,Giichi,1907-05-09,1954-08-19,なし
599,島村抱月,島村,抱月,しまむら,ほうげつ,しまむら,ほうけつ,Shimamura,Hogetsu,1871-02-28,1918-11-05,なし
27,小島烏水,小島,烏水,こじま,うすい,こしま,うすい,Kojima,Usui,1873-12-29,1948-12-13,なし
1803,小杉放庵,小杉,放庵,こすぎ,ほうあん,こすき,ほうあん,Kosugi,Hoan,1881-12-30,1964-04-16,なし
1672,小竹主,小竹,主,こたけ,,こたけ,,Kotake,,1873-10-03,1961-12-04,なし
553,児玉花外,児玉,花外,こだま,かがい,こたま,かかい,Kodama,Kagai,1874-07-07,1943-09-20,なし
1613,後藤謙太郎,後藤,謙太郎,ごとう,けんたろう,ことう,けんたろう,Goto,Kentaro,1895,1925,なし
1256,小林一三,小林,一三,こばやし,いちぞう,こはやし,いちそう,Kobayashi,Ichizo,1873-01-03,1957-01-25,なし
1201,小舟勝二,小舟,勝二,こぶね,かつじ,こふね,かつし,Kobune,Katsuji,,1931,なし
1884,小宮豊隆,小宮,豊隆,こみや,とよたか,こみや,とよたか,Komiya,Toyotaka,1884-03-07,1966-05-03,なし
1268,小村雪岱,小村,雪岱,こむら,せったい,こむら,せつたい,Komura,Settai,1887-03-22,1940-10-17,なし
1867,小山清,小山,清,こやま,きよし,こやま,きよし,Koyama,Kiyoshi,1911-10-04,1965-03-06,なし
601,十一谷義三郎,十一谷,義三郎,じゅういちや,ぎさぶろう,しゆういちや,きさふろう,Juichiya,Gisaburo,1897-10-14,1937-04-02,なし
362,コロレンコウラジミール・ガラクティオノヴィチ,コロレンコ,ウラジミール・ガラクティオノヴィチ,コロレンコ,ウラジミール・ガラクティオノヴィチ,ころれんこ,うらしみいるからくていおのういち,Korolenko,Vladimir Galaktionovick,1853-07-15,1921-12-25,なし
1390,金剛巌,金剛,巌,こんごう,いわお,こんこう,いわお,Kongo,Iwao,1886,1951,なし
1471,今野大力,今野,大力,こんの,だいりき,こんの,たいりき,Konno,Dairiki,1904-02-05,1935-06-19,なし
1736,庄野健,庄野,健,しょうの,けん,しようの,けん,Shono,Ken,1955,,あり
1131,新青年編輯局,新青年編輯局,,しんせいねんへんしゅうきょく,,しんせいねんへんしゆうきよく,,Shinseinen henshukyoku,,,,なし
1409,菅野徳助,菅野,徳助,すがの,とくすけ,すかの,とくすけ,Sugano,Tokusuke,,1915-01-13,なし
46,鈴木行三,鈴木,行三,すずき,こうぞう,すすき,こうそう,Suzuki,Kozo,,1962-02-03,なし
1804,三枝博音,三枝,博音,さいぐさ,ひろと,さいくさ,ひろと,Saigusa,Hiroto,1892-05-20,1963-11-09,なし
1806,斉藤弘吉,斉藤,弘吉,さいとう,ひろきち,さいとう,ひろきち,Saito,Hirokichi,1899,1964-09-19,なし
1096,榊亮三郎,榊,亮三郎,さかき,りょうざぶろう,さかき,りようさふろう,Sakaki,Ryozaburo,1872-04-05,1946-08-24,なし
1778,薄田斬雲,薄田,斬雲,すすきだ,ざんうん,すすきた,さんうん,Susukida,Zan'un,1877-01-27,1956-03-27,なし
1849,関根秀雄,関根,秀雄,せきね,ひでお,せきね,ひてお,Sekine,Hideo,1895-09-17,1987-07-27,あり
1213,瀬沼夏葉,瀬沼,夏葉,せぬま,かよう,せぬま,かよう,Senuma,Kayo,1875-12-11,1915-02-28,なし
913,sogo,sogo,,そごう,,そこう,,Sogo,,,,あり
621,高垣松雄,高垣,松雄,たかがき,まつお,たかかき,まつお,Takagaki,Matsuo,1890-12-13,1940-09-13,なし
1920,宝探子,宝,探子,たから,さがし,たから,さかし,Takara,Sagashi,,,あり
2053,竹本周平,竹本,周平,たけもと,しゅうへい,たけもと,しゅうへい,Takemoto,Shuhei,,,あり
1767,サキ,サキ,,サキ,,さき,,Saki,,1870-12-18,1916-11-14,なし
1604,桜間中庸,桜間,中庸,さくらま,ちゅうよう,さくらま,ちゆうよう,Sakurama,Chuyo,1911-07-06,1934-04-18,なし
263,佐々木喜善,佐々木,喜善,ささき,きよし,ささき,きよし,Sasaki,Kizen,1886-10-05,1933-09-29,なし
1750,佐々木邦,佐々木,邦,ささき,くに,ささき,くに,Sasaki,Kuni,1883-05-04,1964-09-22,なし
1691,佐佐木信綱,佐佐木,信綱,ささき,のぶつな,ささき,のふつな,Sasaki,Nobutsuna,1872-07-08,1963-12-02,なし
911,ささきふさ,ささき,ふさ,ささき,ふさ,ささき,ふさ,Sasaki,Fusa,1897,1949,なし
1904,佐佐木茂索,佐佐木,茂索,ささき,もさく,ささき,もさく,Sasaki,Mosaku,1894-11-11,1966-12-01,なし
1713,サッフォ,サッフォ,,サッフォ,,さつふお,,Sappho,,紀元前7世紀末,紀元前6世紀初,なし
1614,佐藤武夫,佐藤,武夫,さとう,たけお,さとう,たけお,Sato,Takeo,1906,1929,なし
1763,佐藤春夫,佐藤,春夫,さとう,はるお,さとう,はるお,Sato,Haruo,1892-04-09,1964-05-06,なし
219,里村欣三,里村,欣三,さとむら,きんぞう,さとむら,きんそう,Satomura,Kinzo,1902-03-13,1945-02-23,なし
1227,佐野友三郎,佐野,友三郎,さの,ともさぶろう,さの,ともさふろう,Sano,Tomosaburo,1864-03-10,1920-05-13,なし
166,サマンアルベール,サマン,アルベール,サマン,アルベール,さまん,あるへえる,Samain,Albert,1858,1900,なし
1141,沢田正二郎,沢田,正二郎,さわだ,しょうじろう,さわた,しようしろう,Sawada,Shojiro,1892-05-27,1929-03-04,なし
1932,山東京山,山東,京山,さんとう,きょうざん,さんとう,きようさん,Santo,Kyozan,1769-07-18,1858-10-30,なし
2007,山東京伝,山東,京伝,さんとう,きょうでん,さんとう,きようてん,Santo,Kyoden,1761-09-13,1816-10-27,なし
585,三文字屋金平,三文字屋,金平,さんもんじや,きんぴら,さんもんしや,きんひら,Sanmonjiya,Kinpira,1868-04-05,1929-06-29,なし
1805,三遊亭金馬,三遊亭,金馬,さんゆうてい,きんば,さんゆうてい,きんは,San'yutei,Kinba,1894-10-25,1964-11-08,なし
1925,シートンアーネスト・トンプソン,シートン,アーネスト・トンプソン,シートン,アーネスト・トンプソン,しーとん,あーねすと・とんぷそん,Seton,Ernest Thompson,1860-08-14,1946-10-23,なし
1995,ジェイコブスウイリアム・ワイマーク,ジェイコブス,ウイリアム・ワイマーク,ジェイコブス,ウイリアム・ワイマーク,しえいこふす,ういりあむわいまあく,Jacobs,William Wymark,1863-09-08,1943-09-01,なし
1862,式場隆三郎,式場,隆三郎,しきば,りゅうざぶろう,しきは,りゆうさふろう,Shikiba,Ryuzaburo,1898-07-02,1965-11-21,なし
1794,幣原喜重郎,幣原,喜重郎,しではら,きじゅうろう,してはら,きしゆうろう,Shidehara,Kijuro,1872-09-13,1951-03-10,なし
1832,柴田宵曲,柴田,宵曲,しばた,しょうきょく,しはた,しようきよく,Shibata,Shokyoku,1897-09-02,1966-08-23,なし
1970,島秋人,島,秋人,しま,あきと,しま,あきと,Shima,Akito,1934-06-28,1967-11-02,なし
265,島木赤彦,島木,赤彦,しまぎ,あかひこ,しまき,あかひこ,Shimagi,Akahiko,1876-12-17,1926-03-27,なし
1526,島袋源一郎,島袋,源一郎,しまぶくろ,げんいちろう,しまふくろ,けんいちろう,Shimabukuro,Gen'ichiro,1885-10-05,1942-03-27,なし
1146,清水紫琴,清水,紫琴,しみず,しきん,しみす,しきん,Shimizu,Shikin,1868-01-25,1933-07-31,なし
1615,下川儀太郎,下川,儀太郎,しもかわ,ぎたろう,しもかわ,きたろう,Shimokawa,Gitaro,1904,1961,なし
1696,下村海南,下村,海南,しもむら,かいなん,しもむら,かいなん,Shimomura,Kainan,1875-05-11,1957-12-09,なし
360,シュニッツレルアルツール,シュニッツレル,アルツール,シュニッツレル,アルツール,しゆにつつれる,あるつうる,Schnitzler,Arthur,1862,1931,なし
352,田中早苗,田中,早苗,たなか,さなえ,たなか,さなえ,Tanaka,Sanae,1884,1945,なし
1194,シュミットボンウィルヘルム,シュミットボン,ウィルヘルム,シュミットボン,ウィルヘルム,しゆみつとほん,ういるへるむ,Schmidtbonn,Wilhelm,1876,1952,なし
1551,条野採菊,条野,採菊,じょうの,さいぎく,しようの,さいきく,Jyono,Saigiku,1832,1902-01-24,なし
12,素木しづ,素木,しづ,しらき,しづ,しらき,しつ,Shiraki,Shizu,1895-03-26,1918-01-29,なし
1427,田部隆次,田部,隆次,たなべ,りゅうじ,たなへ,りゆうし,Tanabe,Ryuji,1875-10-20,1957-12-20,なし
956,白柳秀湖,白柳,秀湖,しらやなぎ,しゅうこ,しらやなき,しゆうこ,Shirayanagi,Shuko,1884-01-07,1950-11-09,なし
1485,沈約,沈,約,しん,やく,しん,やく,Shen,Yue,441,513,なし
1938,新村出,新村,出,しんむら,いずる,しんむら,いする,Shinmura,Izuru,1876-10-04,1967-08-17,なし
1607,末吉安持,末吉,安持,すえよし,あんじ,すえよし,あんし,Sueyoshi,Anji,1887,1907,なし
133,菅原孝標女,菅原孝標女,,すがわらたかすえのむすめ,,すかわらたかすえのむすめ,,Sugawara Takasue no musume,,1008,,なし
608,杉村楚人冠,杉村,楚人冠,すぎむら,そじんかん,すきむら,そしんかん,Sugimura,Sojinkan,1872-08-28,1945-10-03,なし
957,鈴木梅太郎,鈴木,梅太郎,すずき,うめたろう,すすき,うめたろう,Suzuki,Umetaro,1874-04-07,1943-09-20,なし
1350,鈴木鼓村,鈴木,鼓村,すずき,こそん,すすき,こそん,Suzuki,Koson,1875,1931-03-12,なし
1833,鈴木大拙,鈴木,大拙,すずき,だいせつ,すすき,たいせつ,Suzuki,Daisetsu,1870-11-11,1966-07-12,なし
101,田宮まや,田宮,まや,たみや,まや,たみや,まや,Tamiya,Maya,,,あり
975,薄田淳介,薄田,淳介,すすきだ,じゅんすけ,すすきた,しゆんすけ,Susukida,Junsuke,1877-05-19,1945-10-09,なし
1985,薄田太郎,薄田,太郎,すすきだ,たろう,すすきた,たろう,Susukida,Taro,1902-11-01,1967-04-23,なし
1145,ストックトンフランシス・リチャード,ストックトン,フランシス・リチャード,ストックトン,フランシス・リチャード,すとつくとん,ふらんしすりちやあと,Stockton,Francis Richard,1834-04-05,1902-04-19,なし
1026,関寛,関,寛,せき,かん,せき,かん,Seki,Kan,1830,1912-10-15,なし
1402,関口存男,関口,存男,せきぐち,つぎお,せきくち,つきお,Sekiguchi,Tsugio,1894-11-21,1958-07-25,なし
1358,関根黙庵,関根,黙庵,せきね,もくあん,せきね,もくあん,Sekine,Mokuan,1863,1923,なし
1606,世礼国男,世礼,国男,せれい,くにお,せれい,くにお,Serei,Kunio,1897-07-20,1950-01-23,なし
617,千家元麿,千家,元麿,せんげ,もとまろ,せんけ,もとまろ,Senge,Motomaro,1888-06-08,1948-03-14,なし
1199,ソログープフョードル,ソログープ,フョードル,ソログープ,フョードル,そろくうふ,ふようとる,Sologub,Fedor,1863-02-17,1927-12-07,なし
1191,高木敏雄,高木,敏雄,たかぎ,としお,たかき,としお,Takagi,Toshio,1876,1922,なし
1371,高頭仁兵衛,高頭,仁兵衛,たかとう,じんべえ,たかとう,しんへえ,Takato,Jinbe,1877-05-20,1958-04-06,なし
116,鷹野つぎ,鷹野,つぎ,たかの,つぎ,たかの,つき,Takano,Tsugi,1890-08-15,1943-03-19,なし
1697,高野六郎,高野,六郎,たかの,ろくろう,たかの,ろくろう,Takano,Rokurou,1884-09-03,1960-12-15,なし
1823,高見順,高見,順,たかみ,じゅん,たかみ,しゆん,Takami,Jun,1907-01-30,1965-08-17,なし
1540,知里真志保,知里,真志保,ちり,ましほ,ちり,ましほ,Chiri,Mashiho,1909-02-24,1961-06-09,なし
1780,高群逸枝,高群,逸枝,たかむれ,いつえ,たかむれ,いつえ,Takamure,Itsue,1894-01-18,1964-06-07,なし
634,田口卯吉,田口,卯吉,たぐち,うきち,たくち,うきち,Taguchi,Ukichi,1855-06-13,1905-04-13,なし
636,竹内勝太郎,竹内,勝太郎,たけうち,かつたろう,たけうち,かつたろう,Takeuchi,Katsutaro,1894-10-20,1935-06-25,なし
1675,竹内浩三,竹内,浩三,たけうち,こうぞう,たけうち,こうそう,Takeuchi,Kozo,1921-05-12,1945-04-09,なし
977,竹越三叉,竹越,三叉,たけこし,さんさ,たけこし,さんさ,Takekoshi,Sansa,1865-11-22,1950-01-12,なし
189,武田麟太郎,武田,麟太郎,たけだ,りんたろう,たけた,りんたろう,Takeda,Rintaro,1904-05-09,1946-03-31,なし
1075,タゴールラビンドラナート,タゴール,ラビンドラナート,タゴール,ラビンドラナート,たこおる,らひんとらなあと,Tagore,Rabindranath,1861-05-06,1941-08-07,なし
1184,手塚寿郎,手塚,寿郎,てづか,すみお,てつか,すみお,Tezuka,Sumio,1887,1943,なし
904,田沢稲舟,田沢,稲舟,たざわ,いなぶね,たさわ,いなふね,Tazawa,Inabune,1874-12-28,1896-09-10,なし
1624,陀田勘助,陀田,勘助,だだ,かんすけ,たた,かんすけ,Dada,Kansuke,1902-01-15,1931-08-22,なし
1782,辰野九紫,辰野,九紫,たつの,きゅうし,たつの,きゆうし,Tatsuno,Kyushi,1892-07-16,1962-08-06,なし
1796,辰野隆,辰野,隆,たつの,ゆたか,たつの,ゆたか,Tatsuno,Yutaka,1888-03-01,1964-02-28,なし
1122,戸川明三,戸川,明三,とがわ,めいぞう,とかわ,めいそう,Togawa,Meizo,1871-02-07,1939-07-09,なし
1610,田辺孝次,田辺,孝次,たなべ,たかつぐ,たなへ,たかつく,Tanabe,Takatsugu,1890,1945,なし
272,谷譲次,谷,譲次,たに,じょうじ,たに,しようし,Tani,Joji,1900-01-17,1935-06-29,なし
273,田畑修一郎,田畑,修一郎,たばた,しゅういちろう,たはた,しゆういちろう,Tabata,Shuichiro,1903-09-02,1943-07-23,なし
1634,田村乙彦,田村,乙彦,たむら,おとひこ,たむら,おとひこ,Tamura,Otohiko,1911-12-10,1945-04-15,なし
1226,田村松魚,田村,松魚,たむら,しょうぎょ,たむら,しようきよ,Tamura,Shogyo,1877,1948,なし
655,田村俊子,田村,俊子,たむら,としこ,たむら,としこ,Tamura,Toshiko,1884-04-25,1945-04-16,なし
678,富永太郎,富永,太郎,とみなが,たろう,とみなか,たろう,Tominaga,Taro,1901-05-04,1925-11-12,なし
1635,丹沢明,丹沢,明,たんざわ,あきら,たんさわ,あきら,Tanzawa,Akira,1904,1944,なし
274,談洲楼燕枝　二代,談洲楼,燕枝　二代,だんしゅうろう,えんし　にだい,たんしゆうろう,えんしにたい,Danshuro,Enshi Nidai,1879,1935,なし
1722,ダンセイニロード,ダンセイニ,ロード,ダンセイニ,ロード,たんせいに,ろおと,Dunsany,Lord,1878-07-24,1957-10-25,なし
1557,丹波敬三,丹波,敬三,たんば,けいぞう,たんは,けいそう,Tanba,Keizo,1854,1927,なし
365,チリコフオイゲン,チリコフ,オイゲン,チリコフ,オイゲン,ちりこふ,おいけん,Chirikov,Evgenii,1864,1932,なし
1057,陳玄祐,陳,玄祐,ちん,げんゆう,ちん,けんゆう,Chen,Xuanyou,,,なし
1876,塚原健二郎,塚原,健二郎,つかはら,けんじろう,つかはら,けんしろう,Tsukahara,Kenjiro,1895-02-16,1965-08-07,なし
660,塚原渋柿園,塚原,渋柿園,つかはら,じゅうしえん,つかはら,しゆうしえん,Tsukahara,Jushien,1848-04-04,1917-07-05,なし
934,塚原蓼洲,塚原,蓼洲,つかはら,りょうしゅう,つかはら,りようしゆう,Tsukahara,Ryoshu,1848-03-01,1917-07-05,なし
277,辻村伊助,辻村,伊助,つじむら,いすけ,つしむら,いすけ,Tsujimura,Isuke,1886-04-22,1923-09-01,なし
1671,津田黄昏,津田,黄昏,つだ,たそがれ,つた,たそかれ,Tsuda,Tasogare,1873-10-03,1961-12-04,なし
1322,津田真道,津田,真道,つだ,まみち,つた,まみち,Tsuda,Mamichi,1829-07-25,1903-09-03,なし
344,土田杏村,土田,杏村,つちだ,きょうそん,つちた,きようそん,Tsuchida,Kyoson,1891-01-15,1934-04-25,なし
87,綱島梁川,綱島,梁川,つなしま,りょうせん,つなしま,りようせん,Tsunashima,Ryosen,1873-05-27,1907-09-14,なし
1939,恒藤恭,恒藤,恭,つねとう,きょう,つねとう,きよう,Tsuneto,Kyo,1888-12-03,1967-11-02,なし
1674,鶴彬,鶴,彬,つる,あきら,つる,あきら,Tsuru,Akira,1909-01-01,1938-09-14,なし
884,ディモフオシップ,ディモフ,オシップ,ディモフ,オシップ,ていもふ,おしつふ,Dymow,Ossip,1878,1959,なし
1087,デフォーダニエル,デフォー,ダニエル,デフォー,ダニエル,てふおお,たにえる,Defoe,Daniel,1659,1731-04-26,なし
1084,寺島柾史,寺島,柾史,てらしま,まさし,てらしま,まさし,Terashima,Masashi,1893-10-24,1952,なし
1198,土井八枝,土井,八枝,どい,やえ,とい,やえ,Doi,Yae,1879-02-21,1948-05-10,なし
1135,ド・ヴィルヌーヴガブリエル=シュザンヌ・バルボ,ド・ヴィルヌーヴ,ガブリエル=シュザンヌ・バルボ,ド・ヴィルヌーヴ,ガブリエル=シュザンヌ・バルボ,とういるぬうう,かふりえるしゆさんぬはるほ,de Villeneuve,Gabrielle-Susanne Barbot,1695,1755,なし
1654,濤音,濤音,,とうおん,,とうおん,,Toon,,1888-05-28,1953-11-23,なし
1181,ドーデアルフォンス,ドーデ,アルフォンス,ドーデ,アルフォンス,とおて,あるふおんす,Daudet,Alphonse,1840-03-13,1897-12-17,なし
1788,十返肇,十返,肇,とがえり,はじめ,とかえり,はしめ,Togaeri,Hajime,1914-03-25,1963-08-28,なし
669,戸川秋骨,戸川,秋骨,とがわ,しゅうこつ,とかわ,しゆうこつ,Togawa,Shukotsu,1871-02-07,1939-07-09,なし
1968,時枝誠記,時枝,誠記,ときえだ,もとき,ときえた,もとき,Tokieda,Motoki,1900-12-06,1967-10-27,なし
1369,徳富蘇峰,徳富,蘇峰,とくとみ,そほう,とくとみ,そほう,Tokutomi,Soho,1863-01-25,1957-11-02,なし
1611,徳永保之助,徳永,保之助,とくなが,やすのすけ,とくなか,やすのすけ,Tokunaga,Yasunosuke,1889-08-10,1925-12-13,なし
1658,渡久山水鳴,渡久山,水鳴,とくやま,すいめい,とくやま,すいめい,Tokuyama,Suimei,1884,1911,なし
1455,登張竹風,登張,竹風,とばり,ちくふう,とはり,ちくふう,Tobari,Chikufu,1873-10-02,1955-01-06,なし
149,富岡誠,富岡,誠,とみおか,まこと,とみおか,まこと,Tomioka,Makoto,1897-01-01,1926-10-15,なし
1715,富沢赤黄男,富沢,赤黄男,とみざわ,かきお,とみさわ,かきお,Tomizawa,Kakio,1902-07-14,1962-03-07,なし
1958,富田常雄,富田,常雄,とみた,つねお,とみた,つねお,Tomita,Tsuneo,1904-01-01,1967-10-16,なし
677,富田木歩,富田,木歩,とみた,もっぽ,とみた,もつほ,Tomita,Moppo,1897-04-14,1923-09-01,なし
282,富ノ沢麟太郎,富ノ沢,麟太郎,とみのさわ,りんたろう,とみのさわ,りんたろう,Tominosawa,Rintaro,1899-03-25,1925-02-24,なし
923,朝永三十郎,朝永,三十郎,ともなが,さんじゅうろう,ともなか,さんしゆうろう,Tomonaga,Sanjuro,1871-02-05,1951-09-18,なし
1161,鳥谷部春汀,鳥谷部,春汀,とやべ,しゅんてい,とやへ,しゆんてい,Toyabe,Shuntei,1865-03-29,1908-12-21,なし
47,長尾高弘,長尾,高弘,ながお,たかひろ,なかお,たかひろ,Nagao,Takahiro,1960,,あり
692,中島孤島,中島,孤島,なかじま,ことう,なかしま,ことう,Nakajima,Koto,1878-10-27,1946-04-09,なし
1851,中島英之,中島,英之,なかじま,ひでゆき,なかしま,ひでゆき,Nakajima,Hideyuki,1942,,あり
1362,豊田喜一郎,豊田,喜一郎,とよだ,きいちろう,とよた,きいちろう,Toyoda,Kiichiro,1894-06-11,1952-03-27,なし
1900,ドロステ＝ヒュルスホフアネッテ・フォン,ドロステ＝ヒュルスホフ,アネッテ・フォン,ドロステ＝ヒュルスホフ,アネッテ・フォン,とろすてひゆるすほふ,あねつてふおん,Droste-Hülshoff,Annette von,1797-01-10,1848-05-25,なし
2045,中村喜治,中村,喜治,なかむら,よしはる,なかむら,よしはる,Nakamura,Yoshiharu,,,あり
1799,中勘助,中,勘助,なか,かんすけ,なか,かんすけ,Naka,Kansuke,1885-05-22,1965-05-03,なし
1061,中山省三郎,中山,省三郎,なかやま,しょうざぶろう,なかやま,しようさふろう,Nakayama,Sgozaburo,1904-1-28,1947-5-30,なし
1410,奈倉次郎,奈倉,次郎,なくら,じろう,なくら,しろう,Nakura,Jiro,1871,1947,なし
869,永崎貢,永崎,貢,ながさき,みつぐ,なかさき,みつく,Nagasaki,Mitsugu,1908-11-23,1934-12-12,なし
690,中沢臨川,中沢,臨川,なかざわ,りんせん,なかさわ,りんせん,Nakazawa,Rinsen,1878-10-28,1920-08-09,なし
1655,長沢佑,長沢,佑,ながさわ,たすく,なかさわ,たすく,Nagasawa,Tasuku,1910-02-17,1933-02-17,なし
1910,中島哀浪,中島,哀浪,なかじま,あいろう,なかしま,あいろう,Nakajima,Airo,1883-07-30,1966-10-29,なし
1636,中島葉那子,中島,葉那子,なかじま,はなこ,なかしま,はなこ,Nakajima,Hanako,1909-12-20,1939-04-20,なし
697,中戸川吉二,中戸川,吉二,なかとがわ,きちじ,なかとかわ,きちし,Nakatogawa,Kichiji,1896-05-20,1942-11-19,なし
1637,中野鈴子,中野,鈴子,なかの,すずこ,なかの,すすこ,Nakano,Suzuko,1906-01-24,1958-01-05,なし
1905,中野秀人,中野,秀人,なかの,ひでと,なかの,ひてと,Nakano,Hideto,1898-05-17,1966-05-13,なし
1008,中浜哲,中浜,哲,なかはま,てつ,なかはま,てつ,Nakahama,Tetsu,1897-01-01,1926-10-15,なし
1667,仲村渠,仲村,渠,なかむら,かれ,なかむら,かれ,Nakamura,Kare,1905-10-03,1951-12-04,なし
1996,中村研一,中村,研一,なかむら,けんいち,なかむら,けんいち,Nakamura,Ken'ichi,1895-05-14,1967-08-28,なし
702,中村憲吉,中村,憲吉,なかむら,けんきち,なかむら,けんきち,Nakamura,Kenkichi,1889-01-25,1934-05-05,なし
1954,中村清太郎,中村,清太郎,なかむら,せいたろう,なかむら,せいたろう,Nakamura,Seitaro,1888-04-30,1967-12-20,なし
1822,中村地平,中村,地平,なかむら,ちへい,なかむら,ちへい,Nakamura,Chihei,1908-02-07,1963-02-26,なし
1171,日本童話研究会,日本童話研究会,,にほんどうわけんきゅうかい,,にほんとうわけんきゆうかい,,Nihon Dowa Kenkyukai,,,,なし
181,能美武功,能美,武功,のうみ,たけのり,のうみ,たけのり,Nomi,Takenori,,,あり
1436,中山啓,中山,啓,なかやま,けい,なかやま,けい,Nakayama,Kei,1895-04-26,1957-10-02,なし
1587,楢崎竜,楢崎,竜,ならさき,りょう,ならさき,りよう,Narasaki,Ryou,1841-07-23,1906-01-15,なし
1943,成沢玲川,成沢,玲川,なるさわ,れいせん,なるさわ,れいせん,Narusawa,Reisen,1877-12-14,1962-10-20,なし
1323,西周,西,周,にし,あまね,にし,あまね,Nishi,Amane,1829-03-07,1897-01-31,なし
1163,仁科芳雄,仁科,芳雄,にしな,よしお,にしな,よしお,Nishina,Yoshio,1890-12-06,1951-01-10,なし
1617,西村陽吉,西村,陽吉,にしむら,ようきち,にしむら,ようきち,Nishimura,Yokichi,1892-04-09,1959-03-22,なし
1776,蜷川新,蜷川,新,にながわ,あらた,になかわ,あらた,Ninagawa,Arata,1873-01-14,1959-08-17,なし
1359,沼田一雅,沼田,一雅,ぬまた,いちが,ぬまた,いちか,Numata,Ichiga,1873-05-05,1954-06-05,なし
1618,根岸正吉,根岸,正吉,ねぎし,しょうきち,ねきし,しようきち,Negishi,Shokichi,1892,1922,なし
1706,ネグリアダ,ネグリ,アダ,ネグリ,アダ,ねくり,あた,Negri,Ada,1870-02-03,1945-01-11,なし
1927,野上彰,野上,彰,のがみ,あきら,のかみ,あきら,Nogami,Akira,1909-02-15,1967-11-04,なし
939,野口米次郎,野口,米次郎,のぐち,よねじろう,のくち,よねしろう,Noguchi,Yonejiro,1875-12-08,1947-07-13,なし
1188,野中至,野中,至,のなか,いたる,のなか,いたる,Nonaka,Itaru,1867-09-19,1955-02-28,なし
1912,野間清六,野間,清六,のま,せいろく,のま,せいろく,Noma,Seiroku,1902-02-12,1966-12-13,なし
1802,野村あらえびす,野村,あらえびす,のむら,あらえびす,のむら,あらえひす,Nomura,Araebisu,1882-10-15,1963-04-14,なし
1670,野村胡堂,野村,胡堂,のむら,こどう,のむら,ことう,Nomura,Kodo,1882-10-15,1963-04-14,なし
128,長谷悟,長谷,悟,はせ,さとる,はせ,さとる,Hase,Satoru,,,あり
1619,野村吉哉,野村,吉哉,のむら,よしや,のむら,よしや,Nomura,Yoshiya,1901-11-15,1940-08-29,なし
287,野呂栄太郎,野呂,栄太郎,のろ,えいたろう,のろ,えいたろう,Noro,Eitaro,1900-04-30,1934-02-19,なし
1299,ハイドダグラス,ハイド,ダグラス,ハイド,ダグラス,はいと,たくらす,Hyde,Douglas,1860-01-17,1949-07-12,なし
725,萩原恭次郎,萩原,恭次郎,はぎわら,きょうじろう,はきわら,きようしろう,Hagiwara,Kyojiro,1899-05-23,1938-11-22,なし
88,長谷川集平,長谷川,集平,はせがわ,しゅうへい,はせかわ,しゆうへい,Hasegawa,Shuhei,1955,,あり
1878,早川健治,早川,健治,はやかわ,けんじ,はやかわ,けんし,Hayakawa,Kenji,1989,,あり
900,橋本五郎,橋本,五郎,はしもと,ごろう,はしもと,ころう,Hashimoto,Goro,1903-05-01,1948-05-29,なし
1752,橋本多佳子,橋本,多佳子,はしもと,たかこ,はしもと,たかこ,Hashimoto,Takako,1898-01-05,1963-05-29,なし
1412,林田清明,林田,清明,はやしだ,せいめい,はやした,せいめい,Hayashida,Seimei,,,あり
1726,長谷川伸,長谷川,伸,はせがわ,しん,はせかわ,しん,Hasegawa,Shin,1884-03-15,1963-06-11,なし
1338,羽仁もと子,羽仁,もと子,はに,もとこ,はに,もとこ,Hani,Motoko,1873-09-08,1957-04-07,なし
1989,早川鮎子,早川,鮎子,はやかわ,あゆこ,はやかわ,あゆこ,Hayakawa,Ayuko,1936,1967,なし
1972,林譲治,林,譲治,はやし,じょうじ,はやし,しようし,Hayashi,Joji,1889-03-24,1960-04-05,なし
1901,番匠谷英一,番匠谷,英一,ばんしょうや,えいいち,はんしようや,えいいち,Banshoya,Eiichi,1895-08-14,1966-06-17,なし
208,平井肇,平井,肇,ひらい,はじめ,ひらい,はしめ,Hirai,Hajime,1896-05-17,1946-07-07,なし
292,原田皐月,原田,皐月,はらだ,さつき,はらた,さつき,Harada,Satsuki,1887,1933,なし
1620,波立一,波立,一,はりゅう,はじめ,はりゆう,はしめ,Haryu,Hajime,1908,1937,なし
1714,平野零児,平野,零児,ひらの,れいじ,ひらの,れいし,Hirano,Reiji,1897-02-06,1961-08-26,なし
1280,hiro,hiro,,ひろ,,ひろ,,hiro,,,,あり
1979,菱山修三,菱山,修三,ひしやま,しゅうぞう,ひしやま,しゆうそう,Hishiyama,Shuzo,1909-08-28,1967-08-07,なし
1809,人見絹枝,人見,絹枝,ひとみ,きぬえ,ひとみ,きぬえ,Hitomi,Kinue,1907-01-01,1931-08-02,なし
1167,日野強,日野,強,ひの,つとむ,ひの,つとむ,Hino,Tsutomu,1866-01-23,1920-12-23,なし
1986,秘田余四郎,秘田,余四郎,ひめだ,よしろう,ひめた,よしろう,Himeda,Yoshiro,1908-10-15,1967-09-18,なし
1158,ビョルンソンビョルンステェルネ,ビョルンソン,ビョルンステェルネ,ビョルンソン,ビョルンステェルネ,ひよるんそん,ひよるんすてえるね,Bjornson,Bjornstjerne,1832-12-08,1910-04-26,なし
1360,平井金三,平井,金三,ひらい,きんぞう,ひらい,きんそう,Hirai,Kinzo,1859,1916,なし
80,平出修,平出,修,ひらいで,しゅう,ひらいて,しゆう,Hiraide,Shu,1878-04-03,1914-03-17,なし
343,平田禿木,平田,禿木,ひらた,とくぼく,ひらた,とくほく,Hirata,Tokuboku,1873-02-10,1943-03-13,なし
1378,平野長蔵,平野,長蔵,ひらの,ちょうぞう,ひらの,ちようそう,Hirano,Chozo,1870-09-05,1930-08-20,なし
294,平野万里,平野,万里,ひらの,ばんり,ひらの,はんり,Hirano,Banri,1885-05-25,1947-02-10,なし
1233,福永渙,福永,渙,ふくなが,きよし,ふくなか,きよし,Fukunaga,Kiyoshi,1886-03-22,1936-05-05,なし
1886,藤井英男,藤井,英男,ふじい,ひでお,ふしい,ひてお,Fujii,Hideo,,,あり
1137,婦人文化研究会,婦人文化研究会,,ふじんぶんかけんきゅうかい,,ふしんふんかけんきゆうかい,,Fujinbunkakenkyukai,,,,なし
1638,平林彪吾,平林,彪吾,ひらばやし,ひょうご,ひらはやし,ひようこ,Hirabayashi,Shogo,1903-09-01,1939-04-28,なし
1292,平山千代子,平山,千代子,ひらやま,ちよこ,ひらやま,ちよこ,Hirayama,Chiyoko,1925-12-16,1944-08-02,なし
1132,平山蘆江,平山,蘆江,ひらやま,ろこう,ひらやま,ろこう,Hirayama,Roko,1882-11-15,1953-04-18,なし
359,ヒルシュフェルドゲオルヒ,ヒルシュフェルド,ゲオルヒ,ヒルシュフェルド,ゲオルヒ,ひるしゆふえると,けおるひ,Hirschfeld,Georg,1873-02-11,1943-01-17,なし
1639,広海大治,広海,大治,ひろうみ,だいじ,ひろうみ,たいし,Hiroumi,Daiji,1910,1960-08-25,なし
295,広津柳浪,広津,柳浪,ひろつ,りゅうろう,ひろつ,りゆうろう,Hirotsu,Ryuro,1861-07-15,1928-10-15,なし
881,ブウテフレデリック,ブウテ,フレデリック,ブウテ,フレデリック,ふうて,ふれてりつく,Boutet,Frederic,1874,1941,なし
1913,深瀬基寛,深瀬,基寛,ふかせ,もとひろ,ふかせ,もとひろ,Fukase,Motohiro,1895-10-12,1966-08-21,なし
298,藤島武二,藤島,武二,ふじしま,たけじ,ふししま,たけし,Fujishima,Takeji,1867-10-15,1943-03-19,なし
1500,総生寛,総生,寛,ふそう,かん,ふそう,かん,Fuso,Kan,1841,1894-10-09,なし
1710,プラーテンアウグスト,プラーテン,アウグスト,プラーテン,アウグスト,ふらあてん,あうくすと,Platen,August,1796-10-24,1835-12-05,なし
1951,ブラックウッドアルジャーノン,ブラックウッド,アルジャーノン,ブラックウッド,アルジャーノン,ふらつくうつと,あるしやあのん,Blackwood,Algernon,1869-03-14,1951-12-10,なし
1651,古川アヤ,古川,アヤ,ふるかわ,アヤ,ふるかわ,あや,Furukawa,Aya,1903-11-07,1946-08-04,なし
115,ブレイクウィリアム,ブレイク,ウィリアム,ブレイク,ウィリアム,ふれいく,ういりあむ,Blake,William,1757-11-28,1827-8-12,なし
882,プレヴォーマルセル,プレヴォー,マルセル,プレヴォー,マルセル,ふれうおお,まるせる,Prevost,Marcel,1862-05-01,1941,なし
1111,ブロンテシャーロット,ブロンテ,シャーロット,ブロンテ,シャーロット,ふろんて,しやあろつと,Bronte,Charlotte,1816-04-21,1855-03-31,なし
1709,ベルトランルイ,ベルトラン,ルイ,ベルトラン,ルイ,へるとらん,るい,Bertrand,Louis,1807-04-20,1841-04-29,なし
765,逸見猶吉,逸見,猶吉,へんみ,ゆうきち,へんみ,ゆうきち,Henmi,Yukichi,1907-09-09,1946-05-17,なし
1051,蒲松齢,蒲,松齢,ほ,しょうれい,ほ,しようれい,Pu,Songling,1640-06-05,1715-02-25,なし
971,萠円,萠円,,ほうえん,,ほうえん,,Hoen,,1889-01-04,1936-03-11,なし
972,萠円山人,萠円山人,,ほうえんさんじん,,ほうえんさんしん,,Hoensanjin,,1889-01-04,1936-03-11,なし
1377,細井吉造,細井,吉造,ほそい,よしぞう,ほそい,よしそう,Hosoi,Yoshizo,1904,1936-11-04,なし
371,細井和喜蔵,細井,和喜蔵,ほそい,わきぞう,ほそい,わきそう,Hosoi,Wakizo,1897-05-09,1925-08-18,なし
927,穂積重遠,穂積,重遠,ほづみ,しげとお,ほつみ,しけとお,Hozumi,Shigeto,1883-04-11,1951-07-29,なし
1058,ホフマンエルンスト・テオドーア・アマーデウス,ホフマン,エルンスト・テオドーア・アマーデウス,ホフマン,エルンスト・テオドーア・アマーデウス,ほふまん,えるんすとておとおああまあてうす,Hoffmann,Ernst Theodor Amadeaus,1776-01-24,1822-06-25,なし
302,堀口九万一,堀口,九万一,ほりぐち,くまいち,ほりくち,くまいち,Horiguchi,Kumaichi,1865-02-23,1945-10-30,なし
303,本庄陸男,本庄,陸男,ほんじょう,むつお,ほんしよう,むつお,Honjo,Mutsuo,1905-02-20,1939-07-23,なし
1361,本田親二,本田,親二,ほんだ,しんじ,ほんた,しんし,Honda,Shinji,1885,1948,なし
1555,本多静六,本多,静六,ほんだ,せいろく,ほんた,せいろく,Honda,Seiroku,1866-08-11,1952-01-29,なし
1719,前田普羅,前田,普羅,まえだ,ふら,まえた,ふら,Maeda,Fura,1884-04-18,1954-08-08,なし
928,前田夕暮,前田,夕暮,まえだ,ゆうぐれ,まえた,ゆうくれ,Maeda,Yugure,1883-07-27,1951-04-20,なし
1297,前田河広一郎,前田河,広一郎,まえだこう,ひろいちろう,まえたこう,ひろいちろう,Maedako,Hiroichiro,1888-11-13,1957-12-04,なし
1585,槙村浩,槙村,浩,まきむら,こう,まきむら,こう,Makimura,Ko,1912-06-01,1938-09-03,なし
1175,槙本楠郎,槙本,楠郎,まきもと,くすろう,まきもと,くすろう,Makimoto,Kusuro,1898-08-01,1956-09-14,なし
1117,マクドナルドジョージ,マクドナルド,ジョージ,マクドナルド,ジョージ,まくとなると,しよおし,MacDonald,George,1824-04-10,1905-09-18,なし
1676,正木不如丘,正木,不如丘,まさき,ふじょきゅう,まさき,ふしよきゆう,Masaki,Fujokyu,1887-02-26,1962-07-30,なし
1472,松井須磨子,松井,須磨子,まつい,すまこ,まつい,すまこ,Matsui,Sumako,1886-03-08,1919-01-05,なし
1408,松浦武四郎,松浦,武四郎,まつうら,たけしろう,まつうら,たけしろう,Matsuura,Takeshiro,1818-03-12,1888-02-10,なし
1447,松崎天民,松崎,天民,まつざき,てんみん,まつさき,てんみん,Matsuzaki,Tenmin,1878-05-18,1934-07-22,なし
104,松永延造,松永,延造,まつなが,えんぞう,まつなか,えんそう,Matsunaga,Enzo,1895-04-26,1938-11-20,なし
307,松濤明,松濤,明,まつなみ,あきら,まつなみ,あきら,Matsunami,Akira,1922-03-05,1949-01-06,なし
1556,松村任三,松村,任三,まつむら,じんぞう,まつむら,しんそう,Matsumura,Jinzo,1856-02-14,1928-05-04,なし
1434,松本幸四郎,松本,幸四郎,まつもと,こうしろう,まつもと,こうしろう,Matsumoto,Koshiro,1870-05-12,1949-01-28,なし
1622,松本淳三,松本,淳三,まつもと,じゅんぞう,まつもと,しゆんそう,Matsumoto,Junzo,1895-01-01,1950-10-09,なし
308,松本泰,松本,泰,まつもと,たい,まつもと,たい,Matsumoto,Tai,1887-02-22,1939-04-19,なし
309,真山青果,真山,青果,まやま,せいか,まやま,せいか,Mayama,Seika,1878-09-01,1948-03-25,なし
1708,マラルメステファヌ,マラルメ,ステファヌ,マラルメ,ステファヌ,まらるめ,すてふあぬ,Mallarme,Stephane,1842-03-18,1898-09-09,なし
1138,マルクスカール・ハインリッヒ,マルクス,カール・ハインリッヒ,マルクス,カール・ハインリッヒ,まるくす,かあるはいんりつひ,Marx,Karl Heinrich,1818-05-05,1883-03-14,なし
1758,マンパウル・トーマス,マン,パウル・トーマス,マン,パウル・トーマス,まん,はうるとおます,Mann,Paul Thomas,1875-06-06,1955-08-12,なし
788,三浦環,三浦,環,みうら,たまき,みうら,たまき,Miura,Tamaki,1884-02-22,1946-05-26,なし
792,三木竹二,三木,竹二,みき,たけじ,みき,たけし,Miki,Takeji,1867-10-02,1908-01-10,なし
793,三沢勝衛,三沢,勝衛,みさわ,かつえ,みさわ,かつえ,Misawa,Katsue,1885-01-25,1937-08-18,なし
22,三島霜川,三島,霜川,みしま,そうせん,みしま,そうせん,Mishima,Sosen,1876-07-30,1934-03-07,なし
1074,水谷まさる,水谷,まさる,みずたに,まさる,みすたに,まさる,Mizutani,Masaru,1894-12-25,1950-05-25,なし
941,水野葉舟,水野,葉舟,みずの,ようしゅう,みすの,ようしゆう,Mizuno,Yoshu,1883-04-09,1947-02-02,なし
1133,三田村鳶魚,三田村,鳶魚,みたむら,えんぎょ,みたむら,えんきよ,Mitamura,Engyo,1870-04-17,1952-05-14,なし
1698,光田健輔,光田,健輔,みつだ,けんすけ,みつた,けんすけ,Mitsuda,Kensuke,1876-01-12,1964-05-14,なし
973,三鳥山人,三鳥山人,,みどりさんじん,,みとりさんしん,,Midorisanjin,,1889-01-04,1936-03-11,なし
1400,松村みね子,松村,みね子,まつむら,みねこ,まつむら,みねこ,Matsumura,Mineko,1878-02-10,1957-03-19,なし
800,水上滝太郎,水上,滝太郎,みなかみ,たきたろう,みなかみ,たきたろう,Minakami,Takitaro,1887-12-06,1940-03-23,なし
1394,丸山英観,丸山,英観,まるやま,えいかん,まるやま,えいかん,Maruyama,Eikan,1885-01-18,1956-02-05,なし
1288,宮城道雄,宮城,道雄,みやぎ,みちお,みやき,みちお,Miyagi,Michio,1894-04-07,1956-06-25,なし
147,三浦久,三浦,久,みうら,ひさし,みうら,ひさし,Miura,Hisashi,1945,,あり
1871,三宅周太郎,三宅,周太郎,みやけ,しゅうたろう,みやけ,しゆうたろう,Miyake,Shutaro,1892-07-22,1967-02-14,なし
804,三宅やす子,三宅,やす子,みやけ,やすこ,みやけ,やすこ,Miyake,Yasuko,1890-03-15,1932-01-18,なし
805,宮崎湖処子,宮崎,湖処子,みやざき,こしょし,みやさき,こしよし,Miyazaki,Koshoshi,1864-09-20,1922-08-09,なし
1494,水上茂樹,水上,茂樹,みなかみ,しげき,みなかみ,しけき,Minakami,Shigeki,,,あり
801,三宅幾三郎,三宅,幾三郎,みやけ,いくさぶろう,みやけ,いくさふろう,Miyake,Ikusaburo,1897-10-15,1941-05-01,なし
929,宮島資夫,宮島,資夫,みやじま,すけお,みやしま,すけお,Miyajima,Sukeo,1886-08-01,1951-02-19,なし
1446,宮地嘉六,宮地,嘉六,みやち,かろく,みやち,かろく,Miyachi,Karoku,1884-06-11,1958-04-10,なし
809,宮原晃一郎,宮原,晃一郎,みやはら,こういちろう,みやはら,こういちろう,Miyahara,Koichiro,1882-09-02,1945-06-10,なし
1717,ミュッセアルフレッド,ミュッセ,アルフレッド,ミュッセ,アルフレッド,みゆつせ,あるふれつと,Musset,Alfred,1810-12-11,1857-05-02,なし
312,村井政善,村井,政善,むらい,まさよし,むらい,まさよし,Murai,Masayoshi,,1937,なし
346,村岡博,村岡,博,むらおか,ひろし,むらおか,ひろし,Muraoka,Hiroshi,1895-02-03,1946-04-19,なし
815,村上浪六,村上,浪六,むらかみ,なみろく,むらかみ,なみろく,Murakami,Namiroku,1865-11-01,1944-12-01,なし
1559,村越三千男,村越,三千男,むらこし,みちお,むらこし,みちお,Murakoshi,Michio,1880,1948,なし
1225,村山俊太郎,村山,俊太郎,むらやま,としたろう,むらやま,としたろう,Murayama,Toshitaro,1905-07-15,1948-12-09,なし
1764,モースエドワード・シルヴェスター,モース,エドワード・シルヴェスター,モース,エドワード・シルヴェスター,もおす,えとわあとしるうえすたあ,Morse,Edward Sylvester,1838-06-18,1925-12-20,なし
1035,モーゼスウィリアム・ステイントン,モーゼス,ウィリアム・ステイントン,モーゼス,ウィリアム・ステイントン,もおせす,ういりあむすていんとん,Moses,William Stainton,1839,1892,なし
1376,百瀬慎太郎,百瀬,慎太郎,ももせ,しんたろう,ももせ,しんたろう,Momose,Shintaro,1892,1949-03,なし
1623,百田宗治,百田,宗治,ももた,そうじ,ももた,そうし,Momota,Soji,1893-01-25,1955-12-12,なし
1977,森於菟,森,於菟,もり,おと,もり,おと,Mori,Otto,1890-09-13,1967-12-21,なし
1640,森竹夫,森,竹夫,もり,たけお,もり,たけお,Mori,Takeo,1905,1946,なし
1652,森川義信,森川,義信,もりかわ,よしのぶ,もりかわ,よしのふ,Morikawa,Yoshinobu,1918-10-11,1942-08-13,なし
1826,森下雨村,森下,雨村,もりした,うそん,もりした,うそん,Morishita,Uson,1890-02-23,1965-05-16,なし
826,森田草平,森田,草平,もりた,そうへい,もりた,そうへい,Morita,Sohei,1881-03-19,1949-12-14,なし
1864,森田正馬,森田,正馬,もりた,まさたけ,もりた,まさたけ,Morita,Masatake,1874-01-18,1938-04-12,なし
883,モルナールフェレンツ,モルナール,フェレンツ,モルナール,フェレンツ,もるなある,ふえれんつ,Molnar,Ferenc,1878-01-12,1952-04-01,なし
1891,矢崎源九郎,矢崎,源九郎,やざき,げんくろう,やさき,けんくろう,Yazaki,Genkuro,1921-03-26,1967-02-23,なし
1083,矢崎嵯峨の舎,矢崎,嵯峨の舎,やざき,さがのや,やさき,さかのや,Yazaki,Saganoya,1863-03-01,1947-10-26,なし
317,矢田津世子,矢田,津世子,やだ,つせこ,やた,つせこ,Yada,Tsuseko,1907-06-19,1944-03-14,なし
1656,矢田部達郎,矢田部,達郎,やたべ,たつろう,やたへ,たつろう,Yatabe,Tatsuro,1893-10-24,1958-03-24,なし
1538,矢内原忠雄,矢内原,忠雄,やないはら,ただお,やないはら,たたお,Yanaihara,Tadao,1893-01-27,1961-12-25,なし
831,柳川春葉,柳川,春葉,やながわ,しゅんよう,やなかわ,しゆんよう,Yanagawa,Shun'yo,1877-03-05,1918-01-09,なし
1934,柳原白蓮,柳原,白蓮,やなぎわら,びゃくれん,やなきわら,ひやくれん,Yanagiwara,Byakuren,1885-10-15,1967-02-22,なし
1641,藪田忠夫,藪田,忠夫,やぶた,ただお,やふた,たたお,Yabuta,Tadao,1912,1943-01,なし
1080,藪野椋十,藪野,椋十,やぶの,むくじゅう,やふの,むくしゆう,Yabuno,Mukuju,1872-06-03,1926-04-09,なし
1969,矢部貞治,矢部,貞治,やべ,ていじ,やへ,ていし,Yabe,Teiji,1902-11-09,1967-05-07,なし
1949,山浦貫一,山浦,貫一,やまうら,かんいち,やまうら,かんいち,Yamaura,Kan'ichi,1893-03-20,1967-09-26,なし
1801,山川方夫,山川,方夫,やまかわ,まさお,やまかわ,まさお,Yamakawa,Masao,1930-02-25,1965-02-20,なし
1662,山口芳光,山口,芳光,やまぐち,よしみつ,やまくち,よしみつ,Yamaguchi,Yoshimitsu,,1930,なし
1777,山崎富栄,山崎,富栄,やまざき,とみえ,やまさき,とみえ,Yamazaki,Tomie,1919-09-24,1948-06-13,なし
837,山路愛山,山路,愛山,やまじ,あいざん,やまし,あいさん,Yamaji,Aizan,1865-01-23,1917-03-14,なし
1391,山下博章,山下,博章,やました,ひろあき,やました,ひろあき,Yamashita,Hiroaki,1898,1943-12-05,なし
1208,山下利三郎,山下,利三郎,やました,りさぶろう,やました,りさふろう,Yamashita,Risaburo,1892,1952-03-29,なし
1334,山田済斎,山田,済斎,やまだ,せいさい,やまた,せいさい,Yamada,Seisai,1867-12-18,1952-11-21,なし
1889,山中峯太郎,山中,峯太郎,やまなか,みねたろう,やまなか,みねたろう,Yamanaka,Minetaro,1885-12-15,1966-04-28,なし
1693,山之口貘,山之口,貘,やまのくち,ばく,やまのくち,はく,Yamanokuchi,Baku,1903-09-11,1963-07-19,なし
1845,村田稔雄,村田,稔雄,むらた,としお,むらた,としお,Murata,Toshio,1923,,あり
870,山本勝治,山本,勝治,やまもと,かつじ,やまもと,かつし,Yamamoto,Katsuji,,1929-03-17,なし
319,山本宣治,山本,宣治,やまもと,せんじ,やまもと,せんし,Yamamoto,Senji,1889-05-28,1929-03-05,なし
370,横瀬夜雨,横瀬,夜雨,よこせ,やう,よこせ,やう,Yokose,Yau,1878-01-01,1934-02-14,なし
1994,森郁夫,森,郁夫,もり,いくお,もり,いくお,Mori,Ikuo,1929,1966,なし
321,与謝野礼厳,与謝野,礼厳,よさの,れいごん,よさの,れいこん,Yosano,Reigon,1823-10-16,1898-08-17,なし
1328,吉井幸蔵,吉井,幸蔵,よしい,こうぞう,よしい,こうそう,Yoshii,Kozo,1856-01-02,1927-10-07,なし
322,吉江孤雁,吉江,孤雁,よしえ,こがん,よしえ,こかん,Yoshie,Kogan,1880-09-05,1940-03-26,なし
1258,吉田甲子太郎,吉田,甲子太郎,よしだ,きねたろう,よした,きねたろう,Yoshida,Kinetaro,1894-03-23,1957-01-08,なし
1177,吉田絃二郎,吉田,絃二郎,よしだ,げんじろう,よした,けんしろう,Yoshida,Genjiro,1886-11-24,1956-05-21,なし
1924,吉田茂,吉田,茂,よしだ,しげる,よした,しける,Yoshida,Shigeru,1878-09-22,1967-10-20,なし
1741,吉田松陰,吉田,松陰,よしだ,しょういん,よした,しよういん,Yoshida,Shoin,1830-09-20,1859-11-21,なし
323,吉野作造,吉野,作造,よしの,さくぞう,よしの,さくそう,Yoshino,Sakuzo,1878-01-29,1933-03-18,なし
1974,吉野秀雄,吉野,秀雄,よしの,ひでお,よしの,ひてお,Yoshino,Hideo,1902-07-03,1967-07-13,なし
1659,吉本明光,吉本,明光,よしもと,あきみつ,よしもと,あきみつ,Yoshimoto,Akimitsu,1899,1960,なし
43,吉行エイスケ,吉行,エイスケ,よしゆき,えいすけ,よしゆき,えいすけ,Yoshiyuki,Eisuke,1906-05-10,1940-07-08,なし
1983,淀野隆三,淀野,隆三,よどの,りゅうぞう,よとの,りゆうそう,Yodono,Ryuzo,1904-04-16,1967-07-07,なし
1196,ランドハンス,ランド,ハンス,ランド,ハンス,らんと,はんす,Land,Hans,1861,不詳,なし
1164,リカードデイヴィッド,リカード,デイヴィッド,リカード,デイヴィッド,りかあと,ていういつと,Ricardo,David,1772-04-19,1823-09-11,なし
1089,リットンエドワード・ジョージ・アール・ブルワー,リットン,エドワード・ジョージ・アール・ブルワー,リットン,エドワード・ジョージ・アール・ブルワー,りつとん,えとわあとしよおしああるふるわあ,Lytton,Edward George Earle Bulwer,1803-05-25,1873-01-18,なし
1937,笠信太郎,笠,信太郎,りゅう,しんたろう,りゆう,しんたろう,Ryu,Shintaro,1900-12-11,1967-12-04,なし
30,山形浩生,山形,浩生,やまがた,ひろお,やまかた,ひろお,Yamagata,Hiroo,,,あり
960,山川丙三郎,山川,丙三郎,やまかわ,へいさぶろう,やまかわ,へいさふろう,Yamakawa,Heisaburo,1876,1947,なし
326,ルヴェルモーリス,ルヴェル,モーリス,ルヴェル,モーリス,るうえる,もおりす,Level,Maurice,1875-08-29,1926-04-15,なし
358,ルモンニエーカミーユ,ルモンニエー,カミーユ,ルモンニエー,カミーユ,るもんにええ,かみいゆ,Lemonnier,Camille,1844-03-24,1913-06-13,なし
356,レニエアンリ・ド,レニエ,アンリ・ド,レニエ,アンリ・ド,れにえ,あんりと,Regnier,Henri de,1864-12-28,1936-05-23,なし
332,ワイルドオスカー,ワイルド,オスカー,ワイルド,オスカー,わいると,おすかあ,Wilde,Oscar,1854-10-16,1900-11-30,なし
331,若杉鳥子,若杉,鳥子,わかすぎ,とりこ,わかすき,とりこ,Wakasugi,Toriko,1892-12-21,1937-12-18,なし
1501,若林玵蔵,若林,玵蔵,わかばやし,かんぞう,わかはやし,かんそう,Wakabayashi,Kanzo,1857-09-19,1938-05-03,なし
100,山本ゆうじ,山本,ゆうじ,やまもと,ゆうじ,やまもと,ゆうし,Yamamoto,Yuji,,,あり
98,結城浩,結城,浩,ゆうき,ひろし,ゆうき,ひろし,Yuki,Hiroshi,1963,,あり
1203,ワタナベオン,ワタナベ,オン,ワタナベ,オン,わたなへ,おん,Watanabe,On,1902-08-26,1930-02-10,なし
1185,ワルラスマリー・エスプリ・レオン,ワルラス,マリー・エスプリ・レオン,ワルラス,マリー・エスプリ・レオン,わるらす,まりいえすふりれおん,Walras,Marie Esprit Leon,1834-12-16,1910-01-05,なし
1657,アークムフレデリック,アークム,フレデリック,アークム,フレデリック,ああくむ,ふれてりつく,Accum,Friedrich,1769-03-29,1838-06-28,なし
330,青木栄瞳,青木,栄瞳,あおき,えいめ,あおき,えいめ,Aoki,Eime,,,あり
1790,青空文庫,青空文庫,,あおぞらぶんこ,,あおそらふんこ,,Aozora Bunko,,,,あり
130,秋野平,秋野,平,あきの,たいら,あきの,たいら,Akino,Taira,,,あり
139,朝倉克彦,朝倉,克彦,あさくら,かつひこ,あさくら,かつひこ,Asakura,Katsuhiko,,,あり
1964,天川恵三郎,天川,恵三郎,あまかわ,けいさぶろう,あまかわ,けいさふろう,Amakawa,Keizaburo,1864,1934-04-05,なし
1842,アレンジェームズ,アレン,ジェームズ,アレン,ジェームズ,あれん,しええむす,Allen,James,1864-11-28,1912-01-24,なし
1813,石塚浩之,石塚,浩之,いしづか,ひろゆき,いしつか,ひろゆき,Ishizuka,Hiroyuki,,,あり
200,岩本良子,岩本,良子,いわもと,りょうこ,いわもと,りようこ,Iwamoto,Ryoko,,,あり
1663,上里春生,上里,春生,うえざと,はるお,うえさと,はるお,Uezato,Haruo,1897,1939-06-02,なし
32,植松真人,植松,真人,うえまつ,まさと,うえまつ,まさと,Uematsu,Masato,,,あり
180,ヴォルテール,ヴォルテール,,ヴォルテール,,うおるてえる,,Voltaire,,1694,1778,なし
1783,エリオットジェイムズ・サンヅ,エリオット,ジェイムズ・サンヅ,エリオット,ジェイムズ・サンヅ,えりおつと,しえいむすさんつ,Elliott,James Sands,1880-05-28,1959-10-26,なし
1916,円城塔,円城,塔,えんじょう,とう,えんしよう,とう,EnJoe,Toh,1972-09-15,,あり
2035,オーウェルジョージ,オーウェル,ジョージ,オーウェル,ジョージ,おおうえる,しよおし,Orwell,George,1903-06-25,1950-01-21,なし
1955,太田健一,太田,健一,おおた,けんいち,おおた,けんいち,Ota,Ken'ichi,,,あり
97,オー・ヘンリー,オー・ヘンリー,,オー・ヘンリー,,おおへんりい,,O. Henry,,1862-09-11,1910-06-05,なし
1940,小倉右一郎,小倉,右一郎,おぐら,ゆういちろう,おくら,ゆういちろう,Ogura,Yuichiro,1881-06-09,1962-07-15,なし
206,小沢真理子,小沢,真理子,おざわ,まりこ,おさわ,まりこ,Ozawa,Mariko,,,あり
1574,オスラーウイリアム,オスラー,ウイリアム,オスラー,ウイリアム,おすらあ,ういりあむ,Osler,William,1849-07-12,1919-12-29,なし
1727,オルファースジビュレ・フォン,オルファース,ジビュレ・フォン,オルファース,ジビュレ・フォン,おるふああす,しひゆれふおん,Olfers,Sibylle von,1881-05-08,1916-01-29,なし
1841,カーペンターケニス・Ｊ,カーペンター,ケニス・Ｊ,カーペンター,ケニス・ジェー,かあへんたあ,けにすしええ,Carpenter,Kenneth J.,1923,,あり
1506,片岡義男,片岡,義男,かたおか,よしお,かたおか,よしお,Kataoka,Yoshio,1939-03-20,,あり
223,カワードノエル,カワード,ノエル,カワード,ノエル,かわあと,のえる,Coward,Noel,1899-12-16,1973-03-26,あり
1345,川合貞一,川合,貞一,かわい,ていいち,かわい,ていいち,Kawai,Teiichi,1870-03-29,1955-06-19,なし
99,菊池美範,菊池,美範,きくち,よしのり,きくち,よしのり,Kikuchi,Yoshinori,,,あり
373,北畠尊也,北畠,尊也,きたばたけ,たかや,きたはたけ,たかや,Kitabatake,Takaya,1967,,あり
1602,金鍾漢,金,鍾漢,きむ,じょんはん,きむ,しよんはん,Kim,Chong-han,1914-02-28,1944-09-27,なし
1561,ギャロッドアーチボルド,ギャロッド,アーチボルド,ギャロッド,アーチボルド,きやろつと,ああちほると,Garrod,Archibald,1857-11-25,1936-03-28,なし
1882,キングスフォードアンナ,キングスフォード,アンナ,キングスフォード,アンナ,きんくすふおおと,あんな,Kingsford,Anna,1846-09-16,1888-02-22,なし
1464,クラークヘンリ・サヴィル,クラーク,ヘンリ・サヴィル,クラーク,ヘンリ・サヴィル,くらあく,へんりさういる,Clarke,Henry Savile,1841,1893,なし
1686,グリーナウェイケイト,グリーナウェイ,ケイト,グリーナウェイ,ケイト,くりいなうえい,けいと,Greenaway,Kate,1846-03-17,1901-11-06,なし
215,栗林元,栗林,元,くりばやし,はじめ,くりはやし,はしめ,Kuribayashi,Hajime,,,あり
1950,クロッサーマイラ・ジョー,クロッサー,マイラ・ジョー,クロッサー,マイラ・ジョー,くろつさあ,まいらしよお,Closser,Myla Jo,1880,1962,あり
122,桑原一世,桑原,一世,くわばら,いちよ,くわはら,いちよ,Kuwabara,Ichiyo,,,あり
108,小泉英政,小泉,英政,こいずみ,ひでまさ,こいすみ,ひてまさ,Koizumi,Hidemasa,1948,,あり
1756,コールデコットランドルフ,コールデコット,ランドルフ,コールデコット,ランドルフ,こおるてこつと,らんとるふ,Caldecott,Randolph,1846-03-22,1886-02-12,なし
16,小中千昭,小中,千昭,こなか,ちあき,こなか,ちあき,Konaka,Chiaki,,,あり
1241,ゴルドンエリザベス、アンナ,ゴルドン,エリザベス、アンナ,ゴルドン,エリザベス、アンナ,こるとん,えりさへすあんな,Gordon,Elizabeth Anna,1851,1925,なし
151,西府章,西府,章,さいふ,あきら,さいふ,あきら,Saifu,Akira,,,あり
54,佐野良二,佐野,良二,さの,りょうじ,さの,りようし,Sano,Ryoji,1940,,あり
1918,澤西祐典,澤西,祐典,さわにし,ゆうてん,さわにし,ゆうてん,Sawanishi,Yuten,1986-07-12,,あり
1265,サン＝テグジュペリアントワーヌ・ド,サン＝テグジュペリ,アントワーヌ・ド,サン＝テグジュペリ,アントワーヌ・ド,さんてくしゆへり,あんとわあぬと,Saint-Exupery,Antoine de,1900-06-29,1944-07-31,なし
1548,シェーンハイマールドルフ,シェーンハイマー,ルドルフ,シェーンハイマー,ルドルフ,しええんはいまあ,るとるふ,Schoenheimer,Rudolf,1898-05-10,1941-09-11,なし
1919,シェミンマーガレット,シェミン,マーガレット,シェミン,マーガレット,しえみん,まあかれつと,Shemin,Margaretha,192X,1976,あり
1591,ジェンナーエドワード,ジェンナー,エドワード,ジェンナー,エドワード,しえんなあ,えとわあと,Jenner,Edward,1749-05-17,1823-01-26,なし
1877,シガーヨンスソンフロスティ,シガーヨンスソン,フロスティ,シガーヨンスソン,フロスティ,しかあよんすそん,ふろすてい,Sigurjónsson,Frosti,1962-12-19,,あり
1492,シゲリストヘンリー・Ｅ,シゲリスト,ヘンリー・Ｅ,シゲリスト,ヘンリー・イー,しけりすと,へんりいい,Sigerist,Henry E.,1891,1957,なし
594,芝不器男,芝,不器男,しば,ふきお,しは,ふきお,Shiba,Fukio,1903-04-18,1930-02-24,なし
1367,嶋中雄作,嶋中,雄作,しまなか,ゆうさく,しまなか,ゆうさく,Shimanaka,Yusaku,1887-02-02,1949-01-17,なし
84,清水哲男,清水,哲男,しみず,てつお,しみす,てつお,Shimizu,Tetsuo,1938-02-15,,あり
90,清水鱗造,清水,鱗造,しみず,りんぞう,しみす,りんそう,Shimizu,Rinzo,1950,,あり
210,シュヴァルツエフゲーニイ,シュヴァルツ,エフゲーニイ,シュヴァルツ,エフゲーニイ,しゆうあるつ,えふけえにい,Shvarts,Evgeniy,1896,1958,あり
21,白田秀彰,白田,秀彰,しらた,ひであき,しらた,ひてあき,Shirata,Hideaki,,,あり
1493,ジンサーハンス,ジンサー,ハンス,ジンサー,ハンス,しんさあ,はんす,Zinsser,Hans,1878-11-17,1940-09-04,なし
92,鈴木志郎康,鈴木,志郎康,すずき,しろうやす,すすき,しろうやす,Suzuki,Shiroyasu,1935-05-19,,あり
1930,鈴木牧之,鈴木,牧之,すずき,ぼくし,すすき,ほくし,Suzuki,Bokushi,1770-02-22,1842-06-23,なし
335,ストールマンリチャード,ストールマン,リチャード,ストールマン,リチャード,すとおるまん,りちやあと,Stallman,Richard,1953,,あり
1600,スノウジョン,スノウ,ジョン,スノウ,ジョン,すのう,しよん,Snow,John,1813-03-15,1858-06-16,なし
2010,スミスコードウェイナー,スミス,コードウェイナー,スミス,コードウェイナー,すみす,こおとうえいなあ,Smith,Cordwainer,1913-07-11,1966-08-06,なし
142,関富士子,関,富士子,せき,ふじこ,せき,ふしこ,Seki,Fujiko,,,あり
1209,ソローヘンリー・デイビッド,ソロー,ヘンリー・デイビッド,ソロー,ヘンリー・デイビッド,そろお,へんりいていひつと,Thoreau,Henry David,1817-07-12,1862-05-06,なし
2016,ダ・ヴィンチレオナルド,ダ・ヴィンチ,レオナルド,ダ・ヴィンチ,レオナルド,たういんち,れおなると,da Vinci,Leonardo,1452-04-15,1519-05-02,なし
69,高野敦志,高野,敦志,たかの,あつし,たかの,あつし,Takano,Atsushi,1963,,あり
1690,高橋竜雄,高橋,竜雄,たかはし,たつお,たかはし,たつお,Takahashi,Tatsuo,1868,1946,なし
59,高橋悠治,高橋,悠治,たかはし,ゆうじ,たかはし,ゆうし,Takahashi,Yuji,1938,,あり
71,立花実,立花,実,たちばな,みのる,たちはな,みのる,Tachibana,Minoru,1933,1968,あり
1765,田辺竜子,田辺,竜子,たなべ,たつこ,たなへ,たつこ,Tanabe,Tatsuko,1869-02-04,1943-07-18,なし
1952,チェンバースロバート・Ｗ,チェンバース,ロバート・Ｗ,チェンバース,ロバート・Ｗ,ちえんはあす,ろはあと,Chambers,Robert W.,1865-05-26,1933-12-16,なし
1236,チャペックカレル,チャペック,カレル,チャペック,カレル,ちやへつく,かれる,Capek,Karel,1890-01-09,1938-12-25,なし
66,束原和多志,束原,和多志,つかはら,わたし,つかはら,わたし,Tsukahara,Watashi,,,あり
117,津野海太郎,津野,海太郎,つの,かいたろう,つの,かいたろう,Tsuno,Kaitaro,1938-04-06,,あり
113,鶴岡雄二,鶴岡,雄二,つるおか,ゆうじ,つるおか,ゆうし,Tsuruoka,Yuji,1953,,あり
1150,吉田秀夫,吉田,秀夫,よしだ,ひでお,よした,ひてお,Yoshida,Hideo,1906,1953,なし
41,徳永真一,徳永,真一,とくなが,しんいち,とくなか,しんいち,Tokunaga,Shin'ichi,1973,,あり
1800,米川正夫,米川,正夫,よねかわ,まさお,よねかわ,まさお,Yonekawa,Masao,1891-11-25,1965-12-29,なし
55,富田倫生,富田,倫生,とみた,みちお,とみた,みちお,Tomita,Michio,1952-04-20,2013-08-16,あり
1660,中島徳蔵,中島,徳蔵,なかじま,とくぞう,なかしま,とくそう,Nakajima,Tokuzo,1864-03-09,1940-05-31,なし
62,西川光男,西川,光男,にしかわ,みつお,にしかわ,みつお,Nishikawa,Mitsuo,,,あり
1237,ニューヨーク・サン紙,ニューヨーク・サン紙,,ニューヨーク・サンし,,にゆうよおくさんし,,The New York Sun,,,,なし
1784,ノイバーガーマクス,ノイバーガー,マクス,ノイバーガー,マクス,のいはあかあ,まくす,Neuburger,Max,1868-12-08,1955-05-15,なし
1739,野口英司,野口,英司,のぐち,えいじ,のくち,えいし,Noguchi,Eiji,,,あり
1963,信時潔,信時,潔,のぶとき,きよし,のふとき,きよし,Nobutoki,Kiyoshi,1887-12-29,1965-08-01,なし
2036,パイパーヘンリー・ビーム,パイパー,ヘンリー・ビーム,パイパー,ヘンリー・ビーム,はいはあ,へんりいひいむ,Piper,Henry Beam,1904-03-23,1964-11-06,なし
723,芳賀矢一,芳賀,矢一,はが,やいち,はか,やいち,Haga,Yaichi,1867-06-12,1927-02-06,なし
144,畑仲哲雄,畑仲,哲雄,はたなか,てつお,はたなか,てつお,Hatanaka,Tetsuo,1961-09,,あり
1721,ハッサルアーサー・ヒル,ハッサル,アーサー・ヒル,ハッサル,アーサー・ヒル,はつさる,ああさあひる,Hassall,Arthur Hill,1917-12-13,1894-04-09,なし
1725,ハバードエルバート,ハバード,エルバート,ハバード,エルバート,ははあと,えるはあと,Hubbard,Elbert,1856-06-19,1915-05-07,なし
143,浜野サトル,浜野,サトル,はまの,さとる,はまの,さとる,Hamano,Satoru,,,あり
28,早見秋,早見,秋,はやみ,あき,はやみ,あき,Hayami,Aki,1969,,あり
1850,バルザックオノレ・ド,バルザック,オノレ・ド,バルザック,オノレ・ド,はるさつく,おのれと,Balzac,Honoré de,1799-05-20,1850-08--18,なし
193,久森謙二,久森,謙二,ひさもり,けんじ,ひさもり,けんし,Hisamori,Kenji,1940-08-09,,あり
138,翡翠,翡翠,,ひすい,,ひすい,,Hisui,,,,あり
2033,ヒュームデイヴィッド,ヒューム,デイヴィッド,ヒューム,デイヴィッド,ひゆうむ,ていういつと,Hume,David,1711-05-07,1776-08-25,なし
2008,平光吾一,平光,吾一,ひらこう,ごいち,ひらこう,こいち,Hirako,Goichi,1887-11,1967-05-12,なし
56,平田剛士,平田,剛士,ひらた,つよし,ひらた,つよし,Hirata,Tsuyoshi,1964,,あり
887,ピランデルロルイジ,ピランデルロ,ルイジ,ピランデルロ,ルイジ,ひらんてるろ,るいし,Pirandello,Luigi,1867-06-28,1936-12-10,なし
1036,フィッツジェラルドフランシス・スコット,フィッツジェラルド,フランシス・スコット,フィッツジェラルド,フランシス・スコット,ふいつつしえらると,ふらんしすすこつと,Fitzgerald,Francis Scott,1896-9-24,1940-12-21,なし
1917,福永信,福永,信,ふくなが,しん,ふくなか,しん,Hukunaga,Thin,1972-06-22,,あり
110,藤井貞和,藤井,貞和,ふじい,さだかず,ふしい,さたかす,Fujii,Sadakazu,1942,,あり
7,藤下真潮,藤下,真潮,ふじした,ましお,ふしした,ましお,Fujishita,Mashio,1961,,あり
1885,藤野古白,藤野,古白,ふじの,こはく,ふしの,こはく,Fujino,Kohaku,1871-09-22,1895-04-12,なし
2003,藤村操,藤村,操,ふじむら,みさお,ふしむら,みさお,Fujimura,Misao,1886-07-20,1903-05-22,なし
127,藤本和子,藤本,和子,ふじもと,かずこ,ふしもと,かすこ,Fujimoto,Kazuko,1939,,あり
109,冬佳彰,冬,佳彰,ふゆ,よしあき,ふゆ,よしあき,Fuyu,Yoshiaki,,,あり
915,プラトン,プラトン,,プラトン,,ふらとん,,Plato,,前427,前347,なし
1687,ブリュノフジャン・ド,ブリュノフ,ジャン・ド,ブリュノフ,ジャン・ド,ふりゆのふ,しやんと,Brunhoff,Jean de,1899-12-09,1937-10-16,なし
2052,プリリューエドゥアール・エルネ,プリリュー,エドゥアール・エルネ,プリリュー,エドゥアール・エルネ,ふりりゆう,えとうああるえるね,Prillieux,Édouard Ernest,1829-01-11,1915-10-07,なし
1728,ベスコフエルサ,ベスコフ,エルサ,ベスコフ,エルサ,へすこふ,えるさ,Beskow,Elsa,1874-02-11,1953-06-30,なし
1847,ヘミングウェイアーネスト・ミラー,ヘミングウェイ,アーネスト・ミラー,ヘミングウェイ,アーネスト・ミラー,へみんくうえい,ああねすとみらあ,Hemingway,Ernest Miller,1899-07-21,1961-07-02,なし
1735,ベルトランアロイジウス,ベルトラン,アロイジウス,ベルトラン,アロイジウス,へるとらん,あろいしうす,Bertrand,Aloysius,1807-04-20,1841-04-29,なし
1238,ボームライマン・フランク,ボーム,ライマン・フランク,ボーム,ライマン・フランク,ほおむ,らいまんふらんく,Baum,Lyman Frank,1856-05-15,1919-05-06,なし
1505,ポタービアトリクス,ポター,ビアトリクス,ポター,ビアトリクス,ほたあ,ひあとりくす,Potter,Beatrix,1866-07-28,1943-12-22,なし
2043,ホワイトフレッド・Ｍ,ホワイト,フレッド・Ｍ,ホワイト,フレッド・Ｍ,ほわいと,ふれつと,White,Fred M,1859,1935,なし
1661,増田惟茂,増田,惟茂,ますだ,これしげ,ますた,これしけ,Masuda,Koreshige,1883-12-29,1933-08-06,なし
167,町野修三,町野,修三,まちの,しゅうぞう,まちの,しゆうそう,Machino,Shuzo,1943-11-18,2002-12-05,あり
2009,マッケナリチャード・ミルトン,マッケナ,リチャード・ミルトン,マッケナ,リチャード・ミルトン,まつけな,りちやあとみるとん,McKenna,Richard Milton,1913-05-09,1964-11-01,なし
103,松平維秋,松平,維秋,まつだいら,ただあき,まつたいら,たたあき,Matsudaira,Tadaaki,1946,1999-10,あり
2051,松本竣介,松本,竣介,まつもと,しゅんすけ,まつもと,しゆんすけ,Matsumoto,Shunsuke,1912-04-19,1948-06-08,なし
1720,松本たかし,松本,たかし,まつもと,たかし,まつもと,たかし,Matsumoto,Takashi,1906-01-05,1956-05-11,なし
1844,ミーゼスルートヴィヒ・フォン,ミーゼス,ルートヴィヒ・フォン,ミーゼス,ルートヴィヒ・フォン,みいせす,るうとういひふおん,Mises,Ludwig Heinrich Edler von,1881-09-29,1973-10-10,あり
1976,三木露風,三木,露風,みき,ろふう,みき,ろふう,Miki,Rofu,1889-06-23,1964-12-29,なし
1997,三岸好太郎,三岸,好太郎,みぎし,こうたろう,みきし,こうたろう,Migishi,Kotaro,1903-04-18,1934-07-01,なし
1279,ミドルトンリチャード・バラム,ミドルトン,リチャード・バラム,ミドルトン,リチャード・バラム,みとるとん,りちやあとはらむ,Middleton,Richard Barham,1882-10-28,1911-12-01,なし
1740,宮川典子,宮川,典子,みやかわ,ふみこ,みやかわ,ふみこ,Miyakawa,Fumiko,,,あり
1960,ミルンアラン・アレクザンダー,ミルン,アラン・アレクザンダー,ミルン,アラン・アレクザンダー,みるん,あらんあれくさんたあ,Milne,Alan Alexander,1882-01-18,1956-01-31,なし
1992,森律子,森,律子,もり,りつこ,もり,りつこ,Mori,Ritsuko,1890-10-30,1961-07-22,なし
79,森野光,森野,光,もりの,みつる,もりの,みつる,Morino,Mitsuru,,,あり
1848,モンテーニュミシェル・エケム・ド,モンテーニュ,ミシェル・エケム・ド,モンテーニュ,ミシェル・エケム・ド,もんてえにゆ,みしえるえけむと,Montaigne,Michel Eyquem de,1533-02-28,1592-09-13,なし
198,山本洋,山本,洋,やまもと,ひろし,やまもと,ひろし,Yamamoto,Hiroshi,1956,,あり
191,山本光夫,山本,光夫,やまもと,みつお,やまもと,みつお,Yamamoto,Mitsuo,1959,,あり
2013,吉岡禅寺洞,吉岡,禅寺洞,よしおか,ぜんじどう,よしおか,せんしとう,Yoshioka,Zenjido,1889-07-02,1961-03-17,なし
1699,ラヴクラフトハワード・フィリップス,ラヴクラフト,ハワード・フィリップス,ラヴクラフト,ハワード・フィリップス,らうくらふと,はわあとふいりつふす,Lovecraft,Howard Phillips,1890-08-20,1937-03-15,なし
336,ラティガンテレンス,ラティガン,テレンス,ラティガン,テレンス,らていかん,てれんす,Rattigan,Terence,1911-06-10,1977-11-30,あり
1239,ラングアンドルー,ラング,アンドルー,ラング,アンドルー,らんく,あんとるう,Lang,Andrew,1844-03-31,1912-07-20,なし
1688,リヴィングストン・ジュニアヘンリー,リヴィングストン・ジュニア,ヘンリー,リヴィングストン・ジュニア,ヘンリー,りういんくすとんしゆにあ,へんりい,"Livingston, Jr.",Henry,1748-10-13,1828-02-29,なし
339,ルターマルチン,ルター,マルチン,ルター,マルチン,るたあ,まるちん,Luther,Martin,1483-11-10,1546-02-18,なし
29,レイモンドエリック,レイモンド,エリック,レイモンド,エリック,れいもんと,えりつく,Raymond,Eric,,,あり
1859,レ・ファニュジョゼフ・シェリダン,レ・ファニュ,ジョゼフ・シェリダン,レ・ファニュ,ジョゼフ・シェリダン,れふあにゆ,しよせふしえりたん,Le Fanu,Joseph Sheridan,1814-08-28,1873-02-07,なし